Ticker,Description,Price,Change %,Change,Technical Rating,Volume,Volume*Price,Market Capitalization,Price to Earnings Ratio (TTM),Basic EPS (TTM),Number of Employees,Sector,Industry,1-Month High,1-Month Low,1-Year Beta,3-Month High,3-Month Low,3-Month Performance,5Y Performance,6-Month High,6-Month Low,6-Month Performance,52 Week High,52 Week Low,All Time High,All Time Low,Average Volume (10 day),Average Volume (30 day),Average Volume (60 day),Average Volume (90 day),Cash and short term investments (FY),Cash and short term investments (MRQ),Cash & Equivalents (FY),Cash & Equivalents (MRQ),"Change 1M, %","Change 1W, %",Country,Debt to Equity Ratio (MRQ),Current Ratio (MRQ),Dividends per share (Annual YoY Growth),Dividends per Share (FY),Dividends per Share (MRQ),Dividend Yield Forward,EBITDA (Annual YoY Growth),EBITDA (Quarterly QoQ Growth),EBITDA (Quarterly YoY Growth),EBITDA (TTM),EBITDA (TTM YoY Growth),Enterprise Value/EBITDA (TTM),Enterprise Value (MRQ),EPS Diluted (Annual YoY Growth),EPS Diluted (FY),EPS Diluted (MRQ),EPS Diluted (Quarterly QoQ Growth),EPS Diluted (Quarterly YoY Growth),EPS Diluted (TTM),EPS Diluted (TTM YoY Growth),EPS Forecast (MRQ),Exponential Moving Average (5),Exponential Moving Average (20),Exponential Moving Average (30),Exponential Moving Average (100),Free Cash Flow (Annual YoY Growth),Free Cash Flow Margin (FY),Free Cash Flow Margin (TTM),Free Cash Flow (Quarterly QoQ Growth),Free Cash Flow (Quarterly YoY Growth),Free Cash Flow (TTM YoY Growth),Gross Margin (FY),Gross Margin (TTM),Gross Profit (Annual YoY Growth),Gross Profit (FY),Gross Profit (MRQ),Gross Profit (Quarterly QoQ Growth),Gross Profit (Quarterly YoY Growth),Gross Profit (TTM YoY Growth),Money Flow (14),Net Debt (MRQ),Net Income (Annual YoY Growth),Net Income (FY),Net Income (Quarterly QoQ Growth),Net Income (Quarterly YoY Growth),Net Income (TTM YoY Growth),Net Margin (FY),Net Margin (TTM),Operating Margin (FY),Operating Margin (TTM),Price to Book (FY),Price to Book (MRQ),Price to Free Cash Flow (TTM),Price to Revenue Ratio (TTM),Price to Sales (FY),Quick Ratio (MRQ),Recent Earnings Date,Relative Strength Index (7),Relative Strength Index (14),Research & development Ratio (FY),Research & development Ratio (TTM),Return on Assets (TTM),Return on Equity (TTM),Return on Invested Capital (TTM),Revenue (Annual YoY Growth),Revenue per Employee (FY),Revenue (Quarterly QoQ Growth),Revenue (Quarterly YoY Growth),Revenue (TTM YoY Growth),Shares Float,Simple Moving Average (5),Simple Moving Average (10),Simple Moving Average (30),Simple Moving Average (100),Total Assets (Annual YoY Growth),Total Assets (MRQ),Total Assets (Quarterly QoQ Growth),Total Assets (Quarterly YoY Growth),Total Debt (Annual YoY Growth),Total Current Assets (MRQ),Total Debt (MRQ),Total Debt (Quarterly QoQ Growth),Total Debt (Quarterly YoY Growth),Total Liabilities (FY),Total Liabilities (MRQ),Total Revenue (FY),Total Shares Outstanding,Upcoming Earnings Date,Volatility,Volatility Month,Volatility Week,Volume Weighted Average Price,Volume Weighted Moving Average (20),YTD Performance,Weekly Performance,Yearly Performance,Simple Moving Average (20),Simple Moving Average (50),Simple Moving Average (200),Pretax Margin (TTM),Dividends Paid (FY),Exponential Moving Average (50),Exponential Moving Average (10),Basic EPS (FY),Monthly Performance,Change from Open %
BABA,Alibaba Group Holding Limited,94,2.40766968,2.21,Strong Buy,24160733,2271108902,243095426755.15552,23.58372221,4.0185,235216,Retail Trade,Internet Retail,95.03,82.64,0.5051593,99.17,77.77,-1.95567145,-50.15906681,121.3,77.77,-17.91826755,121.3,58.01,319.32,57.2,19263607,17536489.83333333,19798941.68333333,22216085.45555556,81621979525.1635,81621979525.1635,33398575347.249702,33398575347.249702,12.77744451,3.8100497,China,0.16303225,1.81124741,,0,0,,-4.33429647,-49.27006594,16.66079205,20982103620,6.36742339,9.73909108,227967000000,13.09587649,4.0071,1.5590547,-47.68148766,,3.9858,30.00424019,1.9745368,90.72075358,87.49752998,87.05939229,88.60628244,,,,,,,35.16663654,35.147334,-5.54080327,44557138695.0886,9775323480.54467,-24.5677461,-0.34630271,-5.46428651,69.52458572,-58141548491.3082,9.53789148,10575844450.984,-47.7544157,,23.60665146,8.34696502,8.26013833,11.86445751,11.82940397,1.67248746,1.67248746,,1.93872569,1.95804164,,2023-05-18,79.66813854,66.52939951,6.53215715,6.54676888,4.00208205,7.12220434,6.13288665,-4.68536554,538666.04563252,-12.59672394,-5.32435977,-4.81974147,2589923635.875,90.148,87.06,86.34166667,88.2378,-4.56455762,255112233241.41,0.07277569,-4.56455762,-15.66180508,101568864279.633,23480431033.8553,2.1297747,-15.66180508,91696268108.296,91696268108.296,126702872589.498,2602125000,2023-08-17,3.50081037,2.40438997,3.78236709,93.86,88.59852622,3.1719899,11.93141224,-15.20837092,87.544,85.4462,88.4956,10.1945846,,87.20191384,88.79814636,4.0327,9.28961749,-0.1168845
PDD,PDD Holdings Inc.,75.34,6.05292793,4.3,Buy,14634553,1102567223.02,100095750000,20.18432192,4.2311,12992,Retail Trade,Internet Retail,83.4,66.401,0.0361868,83.4,59.67,10.74525944,173.56572259,106.38,59.67,-20.10604454,106.38,38.8,212.5965,16.53,6993855.4,9498273.7,8916157.16666667,9515283.55555556,29836294863.1273,30258744442.9081,13277387833.192001,10283984662.0632,8.9673127,7.62857143,Ireland,0.13417733,1.9438465,,0,0,,278.18323222,,,,,,83222400000,286.23265742,3.2571,1.0073444,-11.22930146,181.17401876,3.7326,156.39510922,1.00914347,72.00131203,71.36856772,71.12113971,72.93736662,79.8359171,36.66745407,,,,,75.90159389,75.43550548,54.45953599,14716290547.0116,3874842320.3980303,-10.74240451,47.88968076,50.856899,59.60235502,-27788552282.136303,288.82140966,4683605840.3791,-10.87294268,189.17239079,160.72137971,24.1564372,25.68926384,23.2862151,24.39900114,5.86835993,5.17432261,,5.23939674,5.59677711,1.9438465,2023-05-26,66.80014627,58.46692282,7.95412667,7.09962292,17.56055825,35.43481883,32.59554262,33.09675296,1492352.59730615,-1.6928328,46.77502958,41.1460024,1312220234.52742,70.842,70.559,72.19266667,74.0881,19.96743205,34934733732.5462,2.41895944,31.33968748,21.6697371,31405068940.678,2470192160.77182,1.40372207,4.95463858,17168324582.476402,16524827084.4094,19388644944.2015,1328587099,2023-08-24,6.4564978,3.69709718,4.54238685,74.57,73.53540523,-11.89334581,6.27733108,37.10646042,72.6855,68.8006,75.5728,29.70819523,0,71.27731643,71.45829228,3.7043,-0.86842105,0.92431346
NTES,"NetEase, Inc.",102.8,4.20679169,4.15,Strong Buy,1547005,159032114,60842348278.10924,20.31781168,5.1095,31119,Technology Services,Packaged Software,102.82,92.26,0.42398068,102.82,80.79,14.4766147,97.52517101,102.82,76.85,19.22987706,102.82,53.09,134.33,0.0255,1084412,1147709.53333333,1175231.75,1163722.75555556,17284751499.6334,17976001513.420498,3968533596.09884,2442467603.33823,6.31916434,6.58372214,China,0.28647118,2.3297665,18.70689655,1.377,0.4625,1.5408008,9.3659511,65.97903635,22.80313081,3580662460,9.97604492,13.40032076,44740800000,14.43259122,4.4409,1.6915234,78.43437316,45.24722116,5.0596,28.9037222,1.24146335,99.29860001,96.34851928,94.99354601,89.92730317,5.15603492,26.53894432,27.85837884,-36.36070873,29.45164008,16.54256507,54.68229817,55.98946344,7.59425566,7836110408.67947,2177213281.29439,16.98377743,7.68158315,5.26014869,61.50913797,-13446967265.0013,12.00374165,2927468576.20647,77.73586393,42.63886591,22.98152681,20.42859291,22.57480307,20.34139431,21.82067027,4.39928379,4.14375442,16.81869233,4.68541503,4.72888084,2.31470473,2023-05-25,74.10863797,66.96542273,15.58514733,15.70051268,12.63979309,20.6737019,20.0049805,5.49607765,460498.43137011,2.74621305,-1.33954785,1.12086332,637244021.0988,98.208,97.93,94.23033333,89.2677,3.08774227,25937912498.0898,4.37112657,3.31474188,20.28416405,19725007385.2018,4529034248.41924,10.61797503,11.11835887,9190198800.29356,9541530446.6773,14330250685.8064,637267600,2023-08-09,4.11689209,1.78000192,2.22508738,102.30333333,97.2262427,34.89043433,4.74831873,18.69299157,96.8535,91.693,81.9073,27.671911,-998507962.536322,93.0645741,98.05340527,4.4852,11.46047924,0.97239957
BIDU,"Baidu, Inc.",148.83,3.83729854,5.5,Strong Buy,2526452,376011851.16,49976444122.72684,25.25624491,5.9522,41300,Technology Services,Internet Software/Services,151,133.27,0.5329876,151,115.74,8.96910236,-41.97434598,160.88,115.74,9.91875923,160.88,73.5801,354.82,4.444,1881099.5,2238901.66666667,2467892.88333333,2792898.45555556,26658946732.454197,28233590663.3582,9276292129.9827,5077235387.85039,8.70644949,4.32496846,China,0.41038267,2.93589087,,0,0,,100.38075599,11.5727546,50.11619091,3663985300,42.82321274,10.37881954,41571400000,-32.30348693,2.9471,2.343677,20.76563207,,5.8928,,2.38017992,144.3614677,140.6298153,138.78409045,134.26754599,85.65773654,14.46048109,,,,,48.30402264,49.73564598,-4.92155,8871775726.23987,2337319993.13532,3.10642636,15.34303424,-1.77214887,50.76942802,-14492458362.740599,-32.42455686,1034792990.6334,22.32036506,,,5.63412169,11.26373405,12.86517081,14.44967781,1.58979982,1.5618451,,2.86355133,2.84527979,2.93589087,2023-05-16,68.27441811,61.89943539,18.85182939,18.33403589,3.53159047,6.20339197,4.68013771,-4.85218312,444710.31570328,-2.06916799,1.7152924,-5.18825053,276061700.26872295,143.192,141.446,138.77733333,136.03,-5.68059315,58350953527.7976,3.75098118,-1.46607638,-11.50839934,33354191374.957,13741132300.617601,4.56491168,-4.82487847,22033171742.163998,22323391808.6103,18366536038.5456,276449559,2023-08-01,4.87285223,2.93238363,3.2748795,148.25,142.59062225,25.21453811,5.54570598,3.22513525,142.357,132.3986,125.27945,15.00530844,0,136.64824615,142.73423727,2.9757,10.3343465,0.94275638
NIO,NIO Inc.,11.16,3.23774283,0.35,Buy,61251398,683565601.6800001,16551999489.432299,,-1.5428,,Consumer Durables,Motor Vehicles,11.22,8.28,1.199845,11.22,7,21.17263844,68.58006042,13.22,7,-2.44755245,22.74,7,66.99,1.19,59838905.9,66038580.53333333,55887104.58333334,50810198.65555555,6072303465.339479,5157638045.06787,3314558309.47829,2561178867.40832,15.17027864,11.71171171,China,1.44736228,1.27731928,,0,0,,-408.02010106,,,,,,16868099999.999998,-24.80092104,-1.3008,-0.3653807,13.87821161,-140.64443188,-1.5428,-109.56261885,-0.41177486,10.62586407,9.65735725,9.34238638,9.37384824,-345.35158513,-19.9362246,,,,,8.78152906,7.79704614,-33.90402976,642518085.8415741,23719442.4941099,-72.8519357,-89.59200059,-45.77635884,80.48320107,-1025352124.9736,-31.8975759,-2162171589.19525,14.55204699,-144.22826701,-116.93606057,-29.55118783,-34.97642866,-32.9406556,-38.37994418,4.91998413,6.52963789,,2.53135155,2.53525573,1.11963449,2023-06-09,76.67275001,70.06853678,21.31818707,24.25379088,-19.01827417,-61.98684849,-38.4380478,30.58297486,,-30.87130866,-0.03989954,22.54380391,1512321901.2669399,10.46,10.115,8.96866667,8.8426,6.57628123,12999028500.3309,-6.21152135,-5.43631481,8.0201078,7516323551.88188,4132285920.09427,20.94794118,18.6559233,9838404275.21337,9584789539.93457,7316699423.27699,1521955882,2023-09-26,4.76190476,5.88096647,7.24666584,11.03,9.67722034,9.30460333,11.48851149,-45.32092112,9.5895,8.5982,10.29105,-34.83345935,0,9.08740312,10.19788642,-1.3008,37.94808405,1.27041742
XPEV,XPeng Inc.,15.15,1.20240481,0.18,Buy,19286566,292191474.90000004,13087899384.40182,,-1.6645,15829,Consumer Durables,Motor Vehicles,15.55,9.64,1.8040541,15.55,7.505,50,-34.41558442,15.55,7.505,57.32087227,30.4445,6.18,74.49,6.18,22782154.3,18098568.83333333,15032008.03333333,14303773.13333333,4506139361.59506,3783149806.82054,2116611188.63014,1329844656.09696,12.89120715,6.99152542,China,0.365988,1.68165383,,0,0,,-21.0518522,,,,,,7618010000,-72.67676217,-1.585,-0.3944947,-2.7986525,-26.0565618,-1.6645,-57.1024068,-0.29004131,14.56204411,12.59748885,11.87252406,10.674786,-237.53198374,-44.54252457,,,,,11.5001948,9.59916047,11.32149467,458646004.468331,9797100.66157202,-84.33498275,-93.17046095,-38.01930848,77.34792187,-1948142639.90044,-79.98915807,-1357196350.0566702,-2.94230723,-27.49832167,-58.59140395,-34.03065166,-41.62277983,-32.82313141,-40.24334679,2.45454634,2.599359,,3.80089599,3.25273971,1.49057126,2023-05-24,81.62829303,76.01097254,19.41840585,22.49971539,-14.02079572,-25.05729202,-21.81315566,22.55051948,251952.65451306,-18.38837823,-49.79721702,-13.75076516,668468029.6248901,14.514,13.838,11.01433333,9.9876,-0.16454262,9816721115.85663,-4.54337685,-7.04036194,410.12322156,5538503168.72453,1835007166.9201,-29.20429305,157.46401386,4928592862.17765,4802875935.88331,3988158568.2872906,688740415,2023-08-23,4.8550236,5.70066747,5.43227922,15.17666667,12.70576413,42.52116651,9.0712743,-47.61410788,12.2775,10.4446,9.79145,-41.51868121,0,11.11792156,13.79269684,-1.585,56.99481865,-2.19496449
TME,Tencent Music Entertainment Group,7.79,3.45285525,0.26,Strong Buy,4897066,38148144.14,12465462294.137459,20.30231952,0.3894,5805,Technology Services,Internet Software/Services,8.395,7.095,0.51232624,8.395,6.52,2.77044855,-45.29494382,9.08,6.52,-8.9953271,9.29,3.14,32.2481,2.95,3590142.1,6686720.86666667,6181192.68333333,6251688.86666667,3008904296.79075,2987841702.01617,1379374829.17849,1770993255.09141,5.55555556,7.44827586,China,0.11498627,2.35382514,,0,0,,12.72747215,,,,,,11127100000,20.8736126,0.3376,0.1062661,4.43349754,82.44406196,0.3837,51.54028436,0.12533432,7.51985791,7.5171374,7.53612873,7.50554942,51.32993181,25.95363282,,,,,30.08927626,34.87056447,-10.92904026,1266314556.70652,338350161.58756,-1.60156462,15.48788621,6.53097937,62.0952824,-2134796306.6714,16.26692811,546058241.4694331,3.73796666,74.9133577,45.37006162,12.97505205,14.66325671,11.34831857,13.13875911,0.78373533,1.63145803,,2.94532647,2.9935447,2.35273224,2023-05-16,66.46965601,56.22470025,9.10406154,,5.99932221,8.15446621,7.34352748,-13.12801729,724982.68352038,-1.88828975,-2.1828748,-10.61505959,883399274.42431,7.418,7.418,7.56366667,7.622,-8.65351114,10057408121.5392,4.33212069,-3.3362949,0.50981396,3760995947.23397,853045395.344769,-0.58481685,1.59504783,2572895838.42804,2481136811.77555,4208524477.83581,883602503,2023-08-14,4.5691906,3.11699354,3.23799291,7.77666667,7.73298359,-7.81065089,5.27027027,74.66367713,7.6115,7.5144,7.03045,17.26284946,0,7.5597116,7.4848882,0.3409,0.1285347,0.64599483
VIPS,Vipshop Holdings Limited,16.76,3.3929673,0.55,Buy,4085046,68465370.96000001,9436897236,10.04013658,1.6857,6815,Retail Trade,Internet Retail,18.48,15.76,0.24679287,18.48,13.8,13.78139851,62.24588577,18.48,13.135,8.12903226,18.48,6.36,46,0.412,2864665.9,4878575.96666667,5204103.81666667,5095573.8,3552987758.3900704,2970157672.2425303,3323417437.46138,2753317520.02733,1.57575758,3.90576565,China,0.0569246,1.21324624,,0,0,,15.16517532,-14.86800927,54.213959,899732530,26.44451593,7.69878381,6416740000,39.52021409,1.4598,0.5124064,-10.15169195,82.10484825,1.6693,73.72255177,0.44519667,16.35273401,16.43203611,16.34547839,15.37207991,86.03246173,8.15029194,,,,,20.95546138,21.33825102,-10.40092163,3210127449.62271,862984814.32135,-10.99845137,9.39097643,-6.67043884,51.4357195,-2702543856.45785,28.87697973,935414845.879664,-13.45320199,57.41203285,55.35712997,6.10631509,6.68107708,5.30536301,5.86089246,2.08427899,2.00735631,,0.6420192,0.70107153,1.03399694,2023-05-23,58.48734684,54.31687003,1.55635799,1.52871673,11.64392877,20.82614183,20.36938103,-15.60159716,2247807.8718011,-9.81626911,1.21344143,-13.52527733,484760544.10456496,16.178,16.332,16.547,15.3893,-3.62720582,8618793192.51722,-8.49209936,-4.21423842,4.35514089,3994691094.8288703,267613815.784685,-49.12572592,-41.59800828,4517235640.20317,3725102119.51654,15318810646.324503,485258905,2023-08-16,4.81526348,3.24006959,3.66882387,16.75833333,17.00983549,19.71428571,0.29922202,75.31380753,16.759,15.9974,13.41745,8.39310899,0,16.08712997,16.38363961,1.4704,-4.5014245,1.33010883
EDU,"New Oriental Education & Technology Group, Inc. Sponsored",46.14,2.37408476,1.07,Buy,1797493,82936327.02,7553140379.802239,,-0.2342,53071,Consumer Services,Other Consumer Services,46.5,36.22,0.4389523,46.7382,35.7,25.58519325,-50.49356223,46.7382,33.98,8.20825516,46.7382,17.01,199.74,5.150003,1382123.9,1539645.4,1749116.11666667,1785796.51111111,4190957000.000001,4381432000,1148637000,1399826000,16.83970625,9.85714286,China,0.12536562,2.40534377,,0,0,,-192.98229885,,,,,,2747140000,-445.86276738,-7.0013,0.56,11193.02325581,,-0.2379,96.09327531,0.477,43.9788065,41.27530474,40.838902,39.40491017,-146.0461319,-7.19247364,,,,,43.5055709,52.44084274,-39.680461,1350955000,384593000,27.34108563,59.35469703,-18.28774318,82.32839557,-3914383000,-455.16485554,-1187721000,11054.09836066,,96.08002797,-38.24885371,-1.53764525,-17.61055324,1.36565595,2.11306694,2.10473401,,2.91523008,2.52066288,2.37324401,2023-04-19,81.0218055,68.61913217,,,-0.63770506,-1.05623632,-0.93864987,-27.3888067,58511.16428935,18.1661637,22.80802031,-29.84272683,166918881.49199998,43.48,41.625,40.63966667,40.0632,-40.55133,6164297000,2.33656116,-7.57097305,-68.5328954,4700797000,467049000,-4.10242511,-46.42790779,2241142000,2287718000,3105246000,169938000,2023-07-26,3.13253012,3.41331428,4.31792958,46.09666667,40.93876128,33.46832514,18.06550665,114.00742115,40.5365,40.1202,36.03835,2.29091106,0,40.45098493,42.43628073,-7.0013,9.46619217,0.30434783
YMM,Full Truck Alliance Co. Ltd.,7,-0.84985836,-0.06,Buy,9294495,65061465,7432779488,51.85185185,0.1352,6795,Technology Services,Packaged Software,7.27,6.105,0.32516256,7.395,5.41,-3.31491713,-68.88888889,10.18,5.41,-24.1603467,10.18,4.58,22.8,4.12,4875557.9,4774678.23333333,5405998.81666667,5411754.43333333,3784421076.85894,3755492480.1908903,751049527.453725,1005611443.78878,12.54019293,1.59651669,China,0.00209662,12.14491563,,0,0,,96.90586783,,,,,,4401550000,,0.056,0.0553166,118.75,,0.135,,0.0647942,6.86597551,6.61187782,6.55180163,6.74472176,65.25244891,-1.37194625,,,,,47.80610617,48.73630739,45.63648859,478056095.37845,124653753.440797,-8.61418511,21.99981707,39.88072835,47.97428357,-3745186667.34573,,60406783.3605084,119.40899849,,,6.04074109,14.11522314,-3.11171782,2.92098852,1.36769504,1.34714607,,7.21789933,7.5529442,12.14491563,2023-05-22,68.68375857,62.48363207,13.57587363,12.99459613,2.68858897,2.90191193,2.89763842,38.4853981,147165.50573294,-7.90500122,18.53230705,29.63883423,857855038.890022,6.848,6.614,6.52966667,6.7459,-5.7835719,5329124180.533581,0.95421462,-3.85063843,720.24463297,4496177012.01274,10305812.845158,-11.02579556,-45.2542531,415625961.994912,391519605.346446,999989611.455316,945973407.8,2023-08-08,5.51523948,4.06662835,6.44871705,7.05333333,6.65634198,-14.37308869,10.06289308,-17.15976331,6.6385,6.2998,7.05245,15.80448468,0,6.55150176,6.73171672,0.0561,4.63378176,-3.44827586
BILI,Bilibili Inc.,16.7,7.74193548,1.2,Buy,7696584,128532952.8,6443663486.20158,,-2.1574,11092,Technology Services,Packaged Software,18.76,14.42,0.3566859,21.92,14.42,-21.55941757,26.51515152,28.1499,14.42,-38.21679615,29.46,8.23,157.66,8.23,4433563.9,6333820.86666667,4946569.23333333,5364439.98888889,2816406202.79935,2823248761.2505803,1465452623.0994,1489079942.0825398,10.59602649,12.08053691,China,0.72832317,1.43497897,,0,0,,-19.97566006,-226.07006054,36.35065009,-628229980,44.38382149,,8689050000,-1.75387947,-2.8196,-0.3653807,58.03118542,75.54193125,-2.1574,33.94568446,-0.34462436,15.66702118,15.711908,16.10452255,18.46166203,-23.86477246,-21.33321786,,,,,17.57735808,18.87341989,-8.81497835,571645161.435162,161345818.825779,-8.11199812,26.89294947,-1.15692483,58.82505363,-959172711.860696,-5.76201387,-1113354836.83804,56.32097452,74.47718285,32.83492053,-34.23423822,-26.79596363,-38.16557954,-35.37320867,2.36840127,2.709583,,2.14812039,2.02763894,1.43497897,2023-06-01,68.11621258,55.4053944,21.7604624,21.81014067,-12.65609353,-30.39604883,-18.82470783,8.20644173,293199.3956856,-14.15764413,-6.92580834,-0.29488325,327367178.69,15.308,15.287,15.789,19.2871,-26.32442989,5963055218.02711,-0.90173058,-21.04678194,-25.86937648,3487360463.33953,1864076049.38988,-16.62927649,-34.07144789,3825105082.2101502,3403676448.11802,3252167696.9446397,327377000,2023-08-28,9.10921173,3.55939637,4.29462889,16.62246667,16.00598593,-34.45839874,8.79478827,-31.27572016,15.7745,16.973,19.08965,-26.35756299,0,16.96996329,15.50286998,-2.8196,2.01588271,1.85411076
BZ,KANZHUN LIMITED - American Depository Shares,16.57,6.21794872,0.97,Buy,4114729,68181059.53,6327550092.181439,309.14179104,0.0592,5602,Technology Services,Internet Software/Services,17.78,14.28,0.5057614,19.32,13.13,-5.69151964,-50.53731343,26.26,13.13,-31.61370202,26.33,9.745,44.96,9.745,1903684.7,3377889.63333333,3097280.66666667,2953837.5,1900242099.05493,1958150134.24331,1402797013.68012,910172951.970713,10.09966777,11.95945946,China,0.02340541,4.52342024,,0,0,,,,,,,,6715880000,,0.0349,0.0786078,,,0.0536,,0.09649138,15.61463727,15.39307694,15.56544066,17.20247334,-47.82912661,17.88168768,,,,,83.26644591,82.29336669,-2.88564924,557820101.3504831,150596076.110978,21.79963419,-0.46294052,-9.96142121,46.78688277,-1918070534.13562,,15926574.9541445,,,,2.3773781,3.81990837,-3.26118329,-4.72440373,3.58500486,4.18709254,,11.07219014,11.28056441,4.52342024,2023-05-24,69.98067656,58.37842788,26.21812779,26.34514725,1.19280314,1.52118519,1.50185615,1.44250044,119586.1895393,22.7750407,4.17858725,-5.44013066,346122418.412875,15.27,15.2,15.199,17.583,-0.35394819,2183527870.9517603,2.37652162,0.84105693,-12.99858425,2030981031.30887,40079600.10768531,-5.56136649,-12.91353268,458320123.135353,471120586.159472,669921833.79918,362291487.5,2023-08-24,9.15233415,4.40323404,4.75664545,16.64666667,15.88738816,-21.0952381,8.86990802,-32.88780883,15.4915,16.0904,18.2025,4.25910752,0,16.07173111,15.38845692,0.0367,8.44240838,1.46968769
IQ,"iQIYI, Inc.",5.7,8.98661568,0.47,Strong Buy,19248684,109717498.8,5394016113,146.15384615,0.0417,7721,Technology Services,Internet Software/Services,5.78,4.8379,0.63756204,7.365,3.94,-14.54272864,-83.47826087,7.9889,3.94,-7.91599354,7.9889,1.65,46.23,1.65,9811715.1,12162896.73333333,11421775.78333333,11146424.24444445,1140702418.11357,757347439.190313,1022995238.57475,659995052.2784921,6.74157303,10.46511628,China,2.25032567,0.73203056,,0,0,,17.68883645,,,,,,9740880000,98.04311774,-0.0236,0.1412029,90.63136456,188,0.039,,0.07699591,5.36031013,5.21835557,5.22684749,5.5215483,96.22600028,-0.8443196,,,,,23.03033691,25.73527954,110.34233824,991760720.18035,349721650.128448,13.60881697,69.07237331,106.65684202,48.0076194,2703711955.2958603,97.89238066,-20228361.4868192,111.29674189,239.18592257,,-0.46973627,0.98119223,4.52597233,6.83875318,2.75992969,3.50713117,,1.25468548,1.13227925,0.73203056,2023-05-16,71.56943706,61.47435632,6.54963309,6.16935352,0.59563461,3.28952827,1.3113222,-9.10291823,557741.62775749,14.36424133,6.45520652,-5.78793298,511290103.46332294,5.254,5.269,5.02,6.08075,-0.59999385,7571864636.1605,14.30883524,10.19185738,27.76003449,2948274627.64755,3461059394.48617,-5.48314845,19.3451434,5711539623.40154,6021835895.71944,4306323107.91555,511876201.714286,2023-08-01,10.1663586,4.28290241,4.97170516,5.63,5.28624334,3.63636364,7.54716981,44.30379747,5.255,5.1895,5.058725,2.35409991,-9540054.78161446,5.35814119,5.28567963,-0.0236,14.68812877,4.97237569
TAL,TAL Education Group,6.68,2.92758089,0.19,Strong Buy,4069975,27187433,4265106915.000001,,-0.2124,11700,Commercial Services,Miscellaneous Commercial Services,6.78,5.54,-0.03683546,6.85,5.085,13.41256367,-82.08635023,8.58,5.085,-23.3065442,10.45,2.81,90.96,1.161669,4869455,7620316.23333333,7461484.76666667,7640958.11111111,3298425000,3298425000,2148818000,2148818000,12.08053691,8.09061489,China,0.04102383,4.42475044,,0,0,,-239.98472199,,,,,,1306220000,87.93964148,-0.2126,-0.06,23.6453202,62.94082487,-0.2124,87.9434637,-0.065474,6.38625967,6.1295604,6.0899408,6.16287358,91.31424291,-10.09715897,,,,,57.21023915,57.21023915,-73.33051133,583414000,141273000,8.90106841,-58.82070027,-73.33051133,68.4076465,-3140703000,88.0635323,-135612000,23.57936369,63.54429677,88.0635323,-13.29826667,-13.29826667,-11.12140753,-11.12140753,0.85048629,0.85048629,,4.1657126,4.17745452,4.35089971,2023-04-27,72.47854433,62.41481385,,,-2.76564967,-3.44420438,-3.32124712,-76.77536782,87160,15.60290698,-50.29381763,-76.77536782,487608270.691489,6.288,6.14,6.083,6.2353,-7.04716236,4724354000,-0.68268182,-7.04716236,-34.85065657,3468407000,157722000,-1.04586891,-34.85065657,903441000,903441000,1019772000,491026799.267993,2023-07-27,4.08781226,4.54292135,5.69030791,6.68166667,6.08510271,-7.98898072,11.33333333,61.547763,6.0995,5.9414,6.198,-10.7591697,0,6.08857901,6.23248029,-0.2126,7.91599354,0
ATHM,Autohome Inc.,31.08,1.83486239,0.56,Buy,323900,10066812,3749371526.40492,14.03350341,2.2191,5355,Technology Services,Internet Software/Services,31.88,27.61,0.26830316,33.24,27.06,4.26031533,-69.50848622,38.91,27.06,-14.00110681,40.89,23.66,147.67,19.32,296773,370577.9,436706.81666667,456941.47777778,3177649495.80682,3305971172.24616,404285858.135425,274508029.13334596,6.58436214,5.17766497,China,0,5.24166496,9.80392157,0.56,,1.8018018,-30.15073772,-46.663924,18.3999825,180189380,-17.27458889,3.43725207,1010450000,-19.31195072,2.1484,0.5691787,-29.77145452,20.86480854,2.2147,-1.21325661,0.52260313,30.19272284,29.67414986,29.69636037,30.44224221,-29.04461108,35.27780818,,,,,77.77982684,81.17698969,-12.89199725,801721611.1776409,174424258.35465097,-18.47896164,-8.95458216,-8.32754534,68.03126578,-3305971172.24616,-19.44108785,268377304.48348203,-29.67534112,18.51840279,-2.79816019,26.03689358,26.96218042,16.48133335,13.96094732,1.11413264,1.10898884,,3.76490655,3.76655998,5.24166496,2023-05-11,73.39259305,60.83482952,20.41678601,19.83720375,6.24398212,7.86568578,7.86568578,-8.14256561,192485.11170693,-15.7476279,-3.27921337,-4.50764325,123089832.32118899,29.898,29.531,29.61233333,30.3684,-4.06993219,4412793352.5906,3.23261004,0.13842795,-42.98764887,3638761323.36995,0,-100,,665620351.856388,783462968.487372,1030757773.19059,123222543,2023-08-09,4.10509031,3.96910614,4.44719497,31.07666667,29.70174668,-1.42721218,7.6550052,-11.32667618,29.6135,29.7274,31.0018,28.01432031,-62622202.6823036,29.87400223,29.81471931,2.1506,2.94799603,0.25806452
LU,Lufax Holding Ltd,1.63,7.23684211,0.11,Buy,11598949,18906286.87,3653184036.0558,6.18595825,0.2697,71034,Technology Services,Packaged Software,1.72,1.36,0.9444787,2.11,1.23,-19.30693069,-85.94827586,3.32,1.23,-40.51094891,5.25,1.23,20.17,1.23,8692133.5,9560305.3,9473240.45,10288761.1,10125689831.2644,12295525659.029099,10125689831.2644,12295525659.029099,13.98601399,10.13513514,China,0.57590821,,-38.75,0.196,,12.02454,-22.00227294,,,,,,441431000,-45.72447701,0.563,0.043671,,-87.27380599,0.2635,-75.37843394,0.05142647,1.53046871,1.50088965,1.51721019,1.78598043,-14.41652482,6.99670558,,,,,73.84177097,87.42993823,-11.70982121,7593239385.15568,1251487969.9687202,-19.61773249,-49.85514417,-28.24076278,66.0645805,-4475452607.37642,-50.41765071,1291912466.15004,,-88.18849459,-76.83097073,12.56342644,8.31122404,21.41373581,16.43620937,0.2786906,0.2751352,,0.50313402,0.36374359,,2023-05-22,67.10999177,57.70809096,,,1.1538398,4.24424575,2.7492212,-7.16669804,144763.38071376,-17.36821485,-46.1364287,-26.33390855,,1.496,1.49,1.48866667,1.7799,-11.16093996,47381230672.9624,-5.69276354,-20.48753126,8.70434863,,7820073051.65268,2.34979484,-2.17822,36606316728.2827,33561323369.9801,10283121985.621199,2292217286,2023-08-07,8.91719745,6.19422846,7.79563873,1.62,1.51531567,-19.7044335,11.64383562,-69.07020873,1.503,1.5302,1.99235,14.06496954,-1146094718.79958,1.5799837,1.50461801,0.5641,3.16455696,3.16455696
CD,Chindata Group Holdings Limited,8.33,1.09223301,0.09,Strong Buy,2838091,23641298.03,3053780518,25.81344902,0.3255,1450,Technology Services,Data Processing Services,8.36,7.13,0.70322156,8.36,4.86,26.98170732,-42.55172414,9.21,4.86,5.44303797,9.21,4.86,27.47,3.75,2060189.4,2602825.86666667,1832120.31666667,1557073.6,577244558.884884,803450599.183619,562806651.6104039,803450599.183619,16.34078212,15.05524862,China,1.01200905,2.28701735,,0,0,,55.59440458,30.49727445,63.78543616,345449790,56.0443543,11.28754965,3445900000,96.28528975,0.2642,0.0494938,121.38084633,144.82758621,0.3227,113.00330033,0.03782106,7.95177032,7.35559379,7.13446293,6.85867355,-43.57524998,-84.02688884,,,,,40.66505817,41.29376561,53.10074857,274875947.03085804,91087517.3888048,13.77326331,37.34874194,43.35063758,79.35230689,845501138.7035451,97.24181295,96771262.4119463,125.9224438,148.21420459,115.63936474,14.31630908,16.06454855,26.11046251,27.52320138,1.06228456,1.8647069,,4.1944077,4.51394107,2.28701735,2023-05-31,91.56921979,81.63376536,1.83440686,1.75559429,3.56950992,7.3067155,4.46835907,52.84109702,466173.23858154,7.99606759,45.49717641,51.37032675,,7.828,7.52,7.046,6.64245,13.3628723,3712795098.84526,11.73151337,26.40164855,37.23017497,1212843557.41175,1648951737.88716,32.42454015,78.8184042,1753625300.28628,2083410726.36915,675951195.943226,203269552.5,2023-08-24,1.95121951,1.99735498,3.10730504,8.29666667,7.5771467,4.125,15.05524862,16.99438202,7.3915,6.5301,7.066425,22.61764597,0,6.91133161,7.67374371,0.2655,16.01671309,0.84745763
DQ,DAQO New Energy Corp.,40.09,3.11213992,1.21,Buy,934893,37479860.37000001,3005937956,2.01224715,20.4516,4099,Process Industries,Chemicals: Specialty,43.66,36.81,0.99264807,48.31,35.49,-12.80991736,431.97983015,55.6,35.49,-8.82419832,73.36,35.49,130.33,0.68,676081.8,913284.73333333,953562.3,1034527.75555556,3534278000,4136372000.000001,3520351000,4130549000,0.98236776,2.19219985,China,0.02764906,5.51561055,,0,0,,179.2921311,-24.22509636,-40.57048376,2816460000,54.33494748,0.32998301,1616270000,141.29643864,23.5445,3.52,-11.33314946,-49.42652022,19.923,26.32520037,5.39,39.31401098,39.14743302,39.46485594,42.42011095,654.91257985,27.28356136,,,307.42383592,,73.95102369,76.80051394,210.59944878,3407922000,506732000,-24.24217054,-37.71393733,73.06992116,48.42938028,-3996372000,142.98874118,1819801000,-16.20814224,-47.96908796,29.27766468,39.4892098,38.70276862,66.0498226,67.14750706,0.6521697,0.59365258,,0.78275655,0.67239576,5.31186138,2023-04-27,60.70842061,53.40679799,0.2178871,0.24517932,24.79958379,40.22911146,40.22911146,174.5037655,1124262.01512564,-17.86724242,-44.55820914,49.3833194,74479779.265674,39.088,38.874,39.041,43.5071,127.11987585,8190242000,7.85012462,85.59751456,,5189649000,140000000,576.7535167,,970258000,1206961000,4608350000,74979744.2,2023-08-16,4.8534462,3.81145481,4.09177835,40.11383333,39.69969437,1.98422793,2.92682927,-41.41886462,39.2705,40.0846,45.5176,67.75104443,0,40.35180876,39.08443372,23.9848,-3.25772201,1.10970996
QFIN,"Qifu Technology, Inc",18.8,2.09068694,0.385,Buy,1031627,19394587.6,2948974092.19936,5.52437483,3.5003,2199,Finance,Finance/Rental/Leasing,19.18,15.2439,0.73064554,19.29,13.12,-1.57068063,13.93939394,25.49,13.12,-16.18368257,25.49,9.47,45,6.37,877137.6,1016988.76666667,941543.83333333,940350.97777778,1520399758.33251,1306980216.39004,1512200325.1003501,1272633133.7267098,8.7962963,3.18331504,China,0.00998479,,30.76923077,0.68,,3.6926417,-24.90482595,,,,,,1946020000,-33.46538558,3.7117,0.8210148,9.00436335,-28.80214181,3.4031,-37.41655479,0.9526126,18.36394777,17.30264367,17.0214985,17.33348389,-2.04378471,35.61415313,,,,,82.14992452,81.33467176,-6.83341249,2019545394.1068,409207847.047287,-7.96352897,-27.86239298,-17.36985621,78.21493513,-1278432445.41134,-33.33758342,597615673.578671,11.41707178,-26.51499485,-36.83776996,24.30947213,23.87702471,27.01584458,26.02100376,1.11916953,1.06125891,,1.34649194,1.23129535,,2023-05-18,69.57755623,64.13302482,,,9.51853566,20.41511224,20.38978097,-4.69332642,1117947.01663761,-4.17472669,-22.69408009,-14.51468794,142621638.135762,18.249,17.9175,16.3985,17.664,10.39190041,5948815238.98217,2.5065182,5.2558656,-53.7485547,,28547770.9787027,-9.88469035,-69.12303357,3080091632.26265,3078069952.05073,2458365489.5861,161396031.5,2023-08-23,4.09309791,5.16887041,5.66199009,18.89,17.16623709,-8.38206628,5.97519729,33.14447592,17.05175,16.433,17.4128,28.14240521,-146811404.05257,16.9820451,17.92073772,3.8236,16.12106238,-0.47644256
CSIQ,Canadian Solar Inc.,38.47,2.99866131,1.12,Buy,1289864,49621068.08,2486535726.1054883,8.64319576,4.8795,18423,Electronic Technology,Semiconductors,41.505,35.96,1.3136741,45.29,34.76,0.81236897,192.32522796,45.29,34.31,-9.88521902,47.69,26.8645,67.39,1.95,1084855.3,1391723.76666667,1214792.58333333,1170456.81111111,1959550000,2055608000.0000005,1959550000,2055608000.0000005,-0.56862238,4.42453855,Canada,2.22388685,0.97183728,,0,0,,21.69468619,24.10616485,,,,,5728200000,135.90656894,3.444,1.19,5.58558559,723.61208714,4.4509,264.70829236,1.469754,37.87506146,38.01256741,38.23024377,38.45540688,57.62361094,-5.5052011,,,,,16.91259819,19.87799294,38.9111768,1263136000.00157,318001000.000461,-8.7852703,75.79702694,42.00293884,44.73598875,2498552000,151.94019822,239968000.000299,7.55196958,809.22124471,285.02497674,3.2130209,3.97084831,3.91316456,5.42932912,1.27806884,1.2027088,,0.34695316,0.36665661,0.6249575,2023-05-18,55.65574387,51.25345154,0.93487275,0.93249079,3.45537836,16.26836783,10.3370904,41.52683001,405395.97242628,-13.71046604,36.06449079,45.62856427,50882515.754,37.65,37.708,38.521,38.8451,22.31604872,9829323000,8.76600398,17.39841292,21.16075236,5651433000,4554160000,13.51000792,13.48887791,6730434000,7395258000,7468610000.00929,64635700,2023-08-17,4.08217716,4.33881593,5.13688709,38.27666667,38.14541581,22.20457433,0.6541078,30.09807237,37.885,38.5244,37.34805,6.09474639,0,38.46168719,37.79422192,3.7306,2.58666667,0.99763718
RLX,RLX Technology Inc.,1.83,7.64705882,0.13,Buy,3564882,6523734.06,2402917369,23.79713914,0.0774,707,Producer Manufacturing,Industrial Conglomerates,2.04,1.65,1.0417826,2.815,1.65,-34.64285714,-91.8084154,3,1.65,-30.68181818,3.06,0.9012,35,0.9012,4391702.9,7193755.83333333,7623006.58333333,9302484.9,1554846871.9881601,1345753472.5001101,185434641.886159,211749237.832605,3.38983051,5.78034682,China,0.00457346,20.13131069,,0,0,,-51.248079,,,,,,2479270000,-27.6156264,0.1612,-0.00625951,74.28571429,-107.68292683,0.0769,-77.46850278,,1.75495505,1.79547873,1.85476598,2.10379789,-70.73799599,10.01651286,,,,,43.65684737,45.84033687,-39.87605129,342326688.647929,6683109.9303468,-67.92415086,-93.54205651,-49.90605367,47.13042564,-1335365294.64407,-31.82449726,214030327.090654,74.06783942,-107.49465978,-77.97647267,27.29524057,18.72133402,20.13993645,2.65457079,0.82066828,1.05790742,,4.39115775,3.09961601,19.92061485,2023-05-17,58.67662919,49.62904099,6.00574495,9.82207236,4.2259468,4.66133608,4.6413274,-40.65072063,1109095.58112623,-54.96442209,-93.26619922,-55.04352,933285445.56462,1.722,1.755,1.791,2.2422,-8.24280341,2343685324.9124804,-0.52645249,-6.94233835,-71.31088533,1417952516.42569,10388177.8560358,-76.14887045,-76.03088624,120610929.70065,76359204.5810073,784130575.8562441,1004354580,2023-08-18,8.04597701,5.44850429,5.99221031,1.80333333,1.80497526,-23.1092437,-1.61290323,-1.08108108,1.786,2.007,2.0969905,24.96830083,0,1.96857902,1.75713961,0.1622,6.39534884,3.97727273
ATAT,Atour Lifestyle Holdings Limited,18.93,4.06816932,0.74,Buy,417527,7903786.11,2385060464,,,3255,Consumer Services,Hotels/Resorts/Cruise lines,19.26,15.5,2.4163947,25.18,14.8,-24.4612929,22.12903226,29.4,14.8,-7.06921944,29.4,11.0166,29.4,11.0166,346565.4,550639.66666667,380801.53333333,308165.27777778,251300976.739505,310440565.495461,228600342.362302,287393787.699089,16.56403941,9.0437788,China,1.68189904,1.57873027,,0,0,,-26.89188231,,46.10572534,,,,3621680000,-19.84126984,0.1111,0.0058228,,-39.2971246,,,0.15885167,18.11770492,17.30166781,17.43490038,19.03539866,41.08227831,23.03654175,,,,,30.18078351,,15.84441015,101427830.869797,46864785.8803674,65.01246722,105.13784457,,65.51671807,20868470.6447315,-35.22659725,14568334.9007098,,-42.66437347,,4.33494198,,6.13796038,,11.7118622,12.60051121,,,7.38568308,1.53978094,2023-05-18,74.82732672,61.24189294,2.92454694,,,,,0.92398466,103246.57051161,28.55289994,22.13653597,,,17.958,17.388,16.816,20.9352,94.45706556,756628273.3179499,10.45409596,114.78579379,1825.92617898,383861987.67434907,331309036.14019203,0.18282311,1829.44721713,514208035.44457304,561055028.849577,336067587.01528996,106559012.333333,2023-08-30,5.72192513,5.19145525,4.03410003,18.96333333,17.17280037,4.52788515,5.45961003,22.12903226,16.9995,17.6152,,,0,18.10781594,17.62304083,0.1111,19.96197719,1.1758418
YY,JOYY Inc.,34.42,3.45656748,1.15,Buy,914187,31466316.54000001,2380002686,24.5576484,2.3248,7931,Technology Services,Data Processing Services,34.785,28.84,0.33793783,34.785,24.12,17.55464481,-63.64212528,38.87,24.12,-5.54335895,39.5,21.38,148.88,10.5,605749.4,792235.43333333,608480.53333333,620243.48888889,4288745000,4290794000,1517819000,1710017000,12.08075545,7.49531543,Singapore,0.17626281,1.49834732,0,2.03,0.5075,6.101593,381.62541664,25.25177481,16.67051134,104584000,,,-530313000,,1.5948,0.64,,,1.4016,,0.38405,32.97538673,31.18385871,30.67105026,30.36228367,77.27728588,10.26209239,,,,,31.86659346,36.08041617,2.33700306,768468000,204626000,-3.62831442,1.72502933,1.9899774,64.99360165,-3377851000,,128890999.99999999,,,,5.34481214,7.77417554,2.04916741,1.97131271,0.46286379,0.45951348,,1.17346871,1.17428902,1.49834732,2023-05-30,85.24907795,73.34279185,10.85653174,11.53277186,2.03734972,3.47033012,3.08496204,-7.92405341,304062.03505233,-3.51804982,-6.4368848,-8.78485145,52555292.186733,32.686,31.875,30.00966667,29.90095,-0.5302515,9106476000,0.38386609,1.28483542,-3.53615659,4642328000,912943000,0.59069043,0.79782095,3568921000,3600276000,2411516000,52820450.85,2023-08-15,4.50597823,2.87156973,3.08944833,34.27566667,30.77816913,5.03509307,8.40944882,34.19103314,30.902,29.6396,30.537625,28.13815171,-145925000,30.28070445,32.1349548,1.66,17.87671233,1.26507796
JKS,JinkoSolar Holding Company Limited,44.1,2.41523456,1.04,Buy,438608,19342612.8,2173666124,17.18427308,3.9616,46511,Electronic Technology,Semiconductors,47.85,40.2,1.4633137,51.355,39.68,-10.31116534,204.55801105,60.44,39.68,-23.8210399,69.138,38.43,90.2,2,610260.8,728306.06666667,763720.36666667,767080.35555556,2923130169.5988398,2526895814.08207,1621323417.29363,1479410784.57765,-0.63091483,3.15789474,China,2.7627963,1.06185867,,0,0,,8.24490972,,,,,,8882190000,47.82189359,1.8392,2.32921753,166.34170119,2212.8042328,2.5663,189.78093948,1.71171801,43.6242285,43.44737212,43.59164983,46.13965592,-110.85140916,-21.7162507,,,,,14.77049488,15.38876747,76.63123843,1823408758.49647,590617172.75511,-1.71974849,68.40131898,75.20652029,63.69764144,4551106179.55858,-17.5744651,92149147.452062,15.58434809,2428.88560708,144.20375452,0.74645277,1.50205884,0.96596189,2.14967974,0.94124979,0.86895884,,0.17383275,0.17898051,0.67460642,2023-04-28,55.48328272,52.37486255,0.87187847,0.8350267,1.29270199,8.22401291,4.350065,95.01280129,265419.79721273,-20.19261835,46.61167678,79.79601367,50239803.193259,43.282,43.645,42.89666667,46.9007,36.49934293,16521229508.793,5.69512692,13.38255526,17.48377251,10238216200.8774,7078001993.640659,2.98036792,-3.01301848,11746520851.015001,12318978877.5947,12344940188.161299,50479936.25,2023-08-14,2.87236507,4.21955006,5.29822011,43.85666667,44.17145605,4.40340909,-1.12107623,-36.90987124,43.531,43.7478,48.56405,3.62059471,0,44.28036501,43.53247842,1.8616,6.90909091,0.40983607
MOMO,Hello Group Inc.,10.27,1.48221344,0.15,Strong Buy,899115,9233911.05,1910935619,9.28907381,1.1985,1705,Technology Services,Packaged Software,10.33,9.1255,-0.13361456,10.33,7.41,24.03381643,-76.64847658,11.54,6.85,1.18226601,11.54,4.095,54.24,4.095,1003212.4,1302494.33333333,1290256.86666667,1354321.37777778,1541504236.37385,1596335048.0583699,735911359.811278,795628688.053428,6.86784599,2.5974026,China,0.26153217,2.24314154,,0,,0,-21.45166862,-11.74414215,10.07409845,259732270.00000003,-13.03575973,2.74365469,663095000,,1.0402,0.2853172,1.27087872,24.28698752,1.1056,,0.32905555,10.07342738,9.69137828,9.50901929,8.92177203,-25.04807114,9.05190035,12.80729386,-15.64657645,1524.12676166,46.89190328,41.28138378,41.31613107,-17.55067791,778835875.1537349,168761460.509852,-7.37667819,-19.24176698,-19.99989743,84.19907923,-1198319957.5077899,,220425609.144132,1.99548634,24.92775885,,11.68342966,12.7945005,12.64868738,13.51911408,0.98243197,1.00310797,9.08459933,1.16349133,1.15350699,2.24314154,2023-06-06,77.2292799,67.25876129,7.92038238,8.01524804,8.89554453,14.77328945,12.02017401,-16.52081134,1106540.51006537,-8.74012492,-16.91433584,-18.67896256,148576279.389232,10.048,9.897,9.423,8.8666,-19.86943712,2356964281.81637,3.50812436,-16.91739723,-47.47774328,1807650196.08983,398015090.550576,-0.03322114,-45.66755287,704712372.513206,835105248.222814,1886651569.66146,148645399.5,2023-08-24,2.06489676,2.77125099,2.3305781,10.25666667,9.73586876,9.60512273,6.04026846,113.95833333,9.724,9.0414,8.04185,17.09134802,-124893484.607307,9.27631874,9.92323823,1.1299,11.26760563,0.98328417
ECX,ECARX Holdings Inc.,5.49,0.18248175,0.01,Sell,102965,565277.85,1852300723.9598536,,-0.4783,1501,Technology Services,Packaged Software,9.34,4.89,0.2531441,9.34,4.42,-5.67010309,-45.1,9.34,3.0201,-19.8540146,11.32,3.0201,11.32,3.0201,212489.3,203780.96666667,171078.6,154234.91111111,112849000,148000000,112849000,148000000,-21.12068966,6.18955513,United Kingdom,,0.85650224,,0,0,,-10838.14849604,77.85862786,-2941.03252334,-121394700,-5189.85210427,,2052090000.0000005,-470.95315024,-1.1481,-0.08317637,80.51376996,-146.06126915,-0.4783,-182.55091474,-0.10793859,5.54858625,6.37726853,6.51909185,6.52522111,-3503.03873512,-15.16454155,,,,,27.84544806,27.87969925,,143609000,30700000,-50.48387097,,,47.88558291,81700000,-2023.62713598,-223283000,73.53215284,-514.29891433,-717.96163379,-43.29404967,-40.38444511,-41.80859975,-38.16382075,,,,5.57082915,2.54730552,0.8189195,2023-06-12,35.09484795,39.79378734,34.04067197,,-32.02104774,-113.02516192,-86.48948308,,343594.93670886,-49.81933153,,,75338960.8,5.388,5.849,7.13833333,5.84248,104.81458003,537800000,-12.74282497,78.73783503,1302609.38794294,401100000,229700000,1.42937257,35584.21412393,642030000,585200000,515736000,337394916,2023-08-30,3.85287035,12.94745907,8.38680828,5.5266,7.00700164,-32.05445545,-6.15384615,-44.17895272,6.7905,6.55818,7.354693,-39.51226466,0,6.49330635,5.89476045,-1.1481,-32.13844252,-0.36297641
DADA,Dada Nexus Limited,6.2,6.89655172,0.4,Buy,2359341,14627914.2,1486157432,,-1.0232,2631,Transportation,Air Freight/Couriers,6.94,5.12,1.2056696,7.268,4.53,-16.77852349,-66.12021858,15.5899,4.53,-55.13748191,15.5899,2.98,61.27,2.98,989031,1689747.56666667,1669936.61666667,1761100.7,628679747.399924,541633766.74403,239922465.008562,194819444.545499,16.76082863,12.72727273,China,0.01946943,3.52715612,,0,0,,32.73538606,-0.04275011,56.59925486,-212663460,42.87084715,,1644320000,27.11990571,-1.1749,-0.0262026,1.81461501,48.85028104,-1.0232,33.86763185,0.01055346,5.80242055,5.66160389,5.7074933,6.62659706,64.85688845,-9.69528453,,,,,37.11288757,40.37690423,109.59635841,516295319.9399,166363778.263268,7.00139225,39.88372925,69.51626061,50.1696651,-522760100.991722,22.17277142,-298201707.68611,1.64183183,46.18386607,30.24515775,-21.43565131,-17.78886044,-23.91698189,-20.07185062,1.57311296,1.63881128,,1.09746259,1.13119627,3.52144003,2023-05-10,71.41153496,59.75123616,6.73503711,6.02087451,-18.82706864,-22.6925526,-22.61812787,30.66810014,528752.69544592,-0.08514201,17.99566976,28.37091127,248901894.688627,5.678,5.537,5.59566667,6.8607,57.05148741,1213589062.62505,-6.735634,-20.04457129,-28.95649001,845958511.89999,18873665.7523081,-6.9699064,-30.06335481,294327862.249525,244188828.33589,1391148341.71821,256234031.5,2023-08-28,8.38870432,5.09016324,6.47146959,6.175,5.91669938,-14.2461964,12.31884058,-20.51282051,5.761,5.6724,7.2421,-17.83774372,0,5.95573512,5.68561836,-1.1749,14.6025878,2.99003322
KC,Kingsoft Cloud Holdings Limited,5.73,0.7029877,0.04,Sell,2300554,13182174.42,1443452558.5835602,,-1.6517,9517,Technology Services,Data Processing Services,7.15,5.36,1.8164848,8.08,3.61,-30.96385542,-71.87039764,10.13,3.61,30.22727273,10.13,1.77,74.67,1.77,1953424.6,3117525.96666667,2740898.83333333,2888017.76666667,688665506.279047,663503423.386709,508325445.574469,533507716.262719,-6.06557377,2.32142857,China,0.16114387,1.33133019,,0,0,,-9.51143276,8.55667543,-25.30058663,-171607370,-6.72933118,,1743710000,-52.19821162,-1.634,-0.0247469,-23.42105263,-4.71671783,-1.6517,-42.08172043,-0.20202859,5.736889,5.79873319,5.74901771,5.46403178,25.69702947,-13.28085296,,,,,3.21241519,6.87242147,-10.38777831,39024378.1982879,28381220.789581,24.70593493,125.34718546,61.03521904,45.8153298,-471788965.12583506,-60.25135312,-394757487.229313,-24.06166242,-1.8023607,-44.73868671,-32.49571185,-34.62867687,-27.52303851,-29.41143788,1.05717997,1.12651357,,1.18059924,1.1395357,1.33133019,2023-05-23,46.54574992,49.52745196,11.87290093,11.93870197,-14.31367846,-28.51176874,-28.06835845,-13.53207271,127645.13044081,-9.00361029,-20.41777209,-21.84009402,233750431.02026,5.648,5.85,5.73533333,5.6421,-24.68180677,2409432394.4789,-3.2719581,-23.33777196,19.41911874,1268116009.51708,191714458.260874,-36.64744333,-31.54978224,1097368413.48161,1106122077.75198,1214798706.40517,233894276,2023-08-23,7.67824497,7.58567305,6.2606482,5.69666667,6.2320149,43.96984925,-1.54639175,48.83116883,6.095,5.3946,4.5313,-34.66892976,0,5.68624346,5.80362204,-1.634,4.94505495,0.3502627
FINV,FinVolution Group,4.9,-1.20967742,-0.06,Buy,1015634,4976606.6,1401891206,4.00228702,1.2488,4144,Finance,Finance/Rental/Leasing,5.03,4.37,0.11702097,5.03,3.63,27.60416667,6.75381264,5.918,3.55,-7.98122066,5.918,3.55,14.63,1.22,909470.5,782962.33333333,707458.41666667,815168.45555556,1424990577.84428,1558592373.23281,932014758.979828,1170593071.73468,6.52173913,3.15789474,China,0.01404467,,5.40540541,0.195,,3.9314516,-5.89423188,,,,,,-321875000,-11.79878049,1.1572,0.3522794,30.84669899,22.82913165,1.2243,-5.02676286,,4.85121541,4.63716186,4.53970094,4.43252105,-59.73194224,2.25709589,,,,,80.27661514,82.48212342,14.35718473,1356875724.61655,370974278.787892,4.19222136,20.83559762,14.98357237,56.36374775,-1532943530.49032,-13.4825986,336572360.461783,31.24482515,20.76889749,-7.24000255,19.91257516,20.71664107,22.98865491,22.83461857,0.46475982,,,0.82290775,0.84319198,,2023-05-17,75.03987059,72.77967228,,,11.50217996,20.11551921,19.94497197,13.13215467,407878.93232267,4.03180467,15.68907855,11.99996377,168749220.391921,4.846,4.743,4.497,4.318,8.07891717,3105660484.4401097,0.96670182,1.54498581,386.46490125,,25648842.7424927,0.74188377,471.23406622,1285789375.2607398,1266724972.16905,1690250295.54514,168799353.8,2023-08-21,3.49794239,2.68768201,3.83099223,4.93,4.66129745,-3.73280943,5.60344828,8.64745011,4.6395,4.3004,4.6215,24.98412227,-55316130.5295781,4.43745486,4.76525828,1.1913,9.13140312,-1.20967742
EH,EHang Holdings Limited,18.47,19.54692557,3.02,Strong Buy,6040875,111574961.25,1115448486,,-0.8694,,Technology Services,Packaged Software,19.86,12.11,2.1595101,19.86,9.5,71.33580705,47.17131474,19.86,8.63,42.07692308,19.86,3.3208,129.8,3.3208,1692876.5,1186924.26666667,816835.16666667,775586.21111111,35863170.1598174,31658287.06971161,35863170.1598174,31658287.06971161,21.75346078,18.32158873,China,3.22922861,1.17993398,,0,0,,14.51449146,,,,,,648462000,1.99976611,-0.838,-0.1077218,18.68173258,-14.11205074,-0.8694,2.19372258,-0.165432,16.66387776,14.91063759,14.17402129,12.00714636,-23.3833265,-399.03648229,,,,,42.35959113,65.5408864,-50.0978,2787837.45933776,2074532.26504269,42.43170112,264.2292004,18.31254253,79.5259939,110741.64890096,-0.12793713,-48742937.7409134,17.81559728,-17.33647821,-0.81993649,-740.62098066,-568.44781188,-699.60511767,-530.75874344,39.94290781,72.57082236,,122.53183712,163.24398676,0.95763751,2023-05-31,75.23418529,71.64838278,304.80853848,258.80419972,-67.98570015,-190.06613595,-152.3753984,-25.28112222,,47.23618675,255.78886698,43.80221156,40248364.02001401,16.396,15.978,13.593,11.5644,-9.10153884,71186507.2724224,-6.78131385,-7.50952279,511.40165607,51131645.7722443,31769028.7186126,10.38850221,288.68574803,52476372.6858184,55402839.11901399,6581360.64378593,40879170.5,2023-08-29,27.9822335,9.46006528,12.7586839,18.03,15.70043163,104.31415929,14.36532508,126.34803922,14.9515,12.5786,9.553475,-570.38906099,0,13.24306788,15.95115611,-0.838,69.60514233,14.50712957
HOLI,"Hollysys Automation Technologies, Ltd.",17.43,-0.96590909,-0.17,Neutral,68141,1187697.63,1080015932.7801135,9.95886184,1.7695,4398,Producer Manufacturing,Electrical Products,17.94,16.72,0.3657438,17.94,15.125,7.06388206,-19.86206897,19.48,15.125,-7.04,20.43,13.7,28.3472,2,122737.8,153824.23333333,113508.65,113817.94444444,730443000,706084000,718240000,667515000,-0.90960773,-1.52542373,China,0.01937059,3.05698194,-100,0,0,,-11.40748121,304.52575831,140.5611758,85332000,68.53373361,4.6600205,336419000,-7.35737795,1.3511,0.2,125.24609149,59.58974359,1.7502,32.3903177,,17.52770974,17.30893194,17.14439656,16.89749435,-53.9557169,3.85786315,-2.71186177,,,,35.86372729,34.99148462,9.43575293,261755000.000218,104043000.000001,96.87588699,33.41069665,14.8245883,73.53398594,-683098000,-7.27574714,83182000.00006929,125.46618685,60.43031492,32.09906608,11.39698024,14.27858837,9.12955909,9.76188533,0.92681511,0.91027926,,1.4224672,1.47033477,2.75717175,2023-05-16,49.85418522,54.22058879,9.53333516,9.30637192,6.24753816,9.0734067,8.97651184,18.7975383,165952.70577549,48.1613258,16.50119537,19.03394448,56529960.234,17.536,17.562,17.11966667,16.8182,4.86246537,1709982000,5.29653294,-3.00913085,-11.4469862,1473664000,22986000,21.54830522,10.71721015,505945000,522607000,729860000.000608,61963000,2023-08-16,2.01265095,2.32965651,2.56528446,17.52,17.31646138,5.25362319,-1.46975692,12.52420917,17.317,16.6368,17.0505,16.15855183,-19827000.0000165,16.95882537,17.48098109,1.3635,-2.62569832,-1.74746336
TUYA,Tuya Inc.,1.7,1.79640719,0.03,Sell,272226,462784.2,1062255480.5451598,,-0.2032,1835,Technology Services,Packaged Software,2.105,1.63,0.34907562,2.19,1.63,-10.9947644,-93.7037037,3.12,1.23,-34.36293436,3.12,0.7703,27.65,0.7703,258788.8,405321.4,367003.78333333,406832.1,954295000,941969000,133161000,79245000,-10.05291005,-1.73410405,China,0.00898533,14.10832589,,0,0,,6.86170067,,,,,,113694000,26.35248187,-0.2641,-0.01,7.31707317,61.49949341,-0.2032,40.30552291,-0.025,1.7204333,1.82113641,1.85181688,1.91560402,49.77928282,-31.91591569,,,,,42.95630536,43.74266846,-30.06561505,89423000,21028000,4.17120777,-7.85276074,-31.16398542,37.38465125,-933355000,16.67331722,-146175000,7.41311043,61.70363765,40.86355113,-70.21837711,-56.04019308,-85.83959418,-77.21793214,0.83668829,0.8397384,,4.70112518,4.52028515,13.52003966,2023-06-07,32.29747495,38.56338438,69.62607844,62.59827387,-10.18835391,-11.16672908,-11.06477804,-31.08621671,113445.23160763,4.85580533,-14.16925747,-33.34054277,468926484.564044,1.708,1.785,1.90333333,1.9186,-15.3836478,1041613000,-1.37538714,-10.37706384,-57.9581513,1010269000,8614000,-5.77554146,-55.58878119,93972000,82939000,208172000,473550229,2023-08-16,4.24242424,4.77672123,6.09575343,1.69,1.90548863,-11.91709845,-10.52631579,-22.72727273,1.8555,1.908,1.768511,-54.69243709,0,1.88557562,1.76449429,-0.2641,-14.14141414,-1.1627907
NOAH,Noah Holdings Limited,14.78,2.63888889,0.38,Neutral,38498,569000.44,871126520.2604399,7.52430891,1.9657,2884,Finance,Investment Managers,16.81,13.04,1.3624815,17.39,13.04,-11.49700599,-68.76584954,21.53,13.04,-17.61426979,21.53,11.78,69.56,4.1,62067.3,72758.66666667,58865,63756.72222222,652419839.751435,751685062.974301,636839621.96298,705674454.477318,4.97159091,4.97159091,China,0.00968789,,,0.38,,2.4560215,-13.15226835,,,,,,412527000,-29.69029777,2.1204,0.5022165,81.79886686,-27.94385965,1.9643,-26.93151806,,14.38655409,14.62924145,14.86011466,15.86394218,,24.61178822,,,,,91.23908357,96.26063407,-32.9163328,420087788.037776,113777878.462734,-4.04504778,-5.70693894,-25.34124563,36.64603454,-737980165.457621,-28.82507721,145027098.97472,81.54695034,-25.76349209,-25.81106587,31.4985105,29.69784819,30.92944976,29.82706935,0.68387331,0.65408273,,2.26449819,2.19556802,,2023-05-30,56.76424659,49.86107772,,,7.67522665,9.81458795,9.69891645,-30.83199495,159648.14851825,-4.57537034,-5.62743533,-24.65563543,59373086.7054,14.172,14.205,15.174,16.3587,-0.67223959,1772621055.4654002,4.44642133,1.95704475,-30.89066752,,13704897.5166802,-43.1308394,-28.0308507,330517715.091276,357979292.330301,460425260.326644,62606724,2023-08-29,5.58705281,4.91859127,6.38659442,14.89163333,14.52013097,-7.10245129,1.16358658,-17.88888889,14.7205,15.1392,16.09965,35.8194935,0,15.24146604,14.36975146,2.1224,-9.38074801,-1.26920508
GOTU,Gaotu Techedu Inc.,3.39,4.30769231,0.14,Strong Buy,2779578,9422769.42,842681158,93.38842975,0.0386,4002,Commercial Services,Miscellaneous Commercial Services,3.91,2.73,-0.19824447,3.97,2.25,-5.30726257,-66.33565045,5.49,2.25,-1.45348837,5.49,0.6402,149.05,0.6402,1355781.4,2647388.7,2489018.05,3062935.38888889,538544097.1273279,498117246.447458,117947120.84813897,177075168.986516,17.30103806,15.6996587,China,0.03637513,3.06075355,,0,0,,98.37010977,,,,,,655865000,,0.0074,0.0611394,61.35770235,91.92546584,0.0363,,,3.17075346,3.05831538,3.05979453,3.14504809,,1.42473775,,,,,71.93795247,73.84214032,-58.66443132,266890457.838502,79992409.04470351,21.03271971,-0.74741875,-48.12315112,70.4808468,-481047607.26732504,,1956127.04830986,67.6991968,96.66316541,,0.52725667,2.78707861,-4.72545587,-2.00615673,1.13673325,1.87311445,,2.52553102,2.41215641,3.04502392,2023-05-30,72.24128333,60.3680092,17.81740876,16.890591,1.44194074,2.15139465,2.0614412,-63.53535431,92703.87539806,16.83791823,-9.42886561,-56.50801074,149242675.783785,3.092,3.006,3.02866667,3.4549,-11.02892624,699001287.862796,-0.34715217,0.00672305,-78.75033312,592716371.864922,17069639.1801333,43.79212191,-53.66690133,256102248.370905,229734496.53295505,371000909.34302896,149329137.354313,2023-09-07,8.33333333,6.12209646,7.8350875,3.33833333,3.23198224,33.99209486,14.91525424,85.24590164,3.1275,2.9852,2.7829625,2.14445822,0,3.10908219,3.08930424,0.0076,7.61904762,1.49700599
WDH,Waterdrop Inc.,2.07,1.47058824,0.03,Sell,768320,1590422.4,795428930,10.26276648,0.2071,2719,Finance,Insurance Brokers/Services,2.58,1.83,0.11789589,3.02,1.83,-30.76923077,-79.80487805,3.3,1.83,-33.8658147,3.36,0.97,11.77,0.9,1321951.2,1052196.66666667,751126.38333333,763578.77777778,607320799.228972,599688584.587842,300866694.47761303,181384052.329429,-0.48076923,0.97560976,China,0.01510337,5.02933689,,0,0,,,,,,,,614724000,,0.2244,0.0014557,-58.48623853,-55.96107056,0.2017,,0.0234362,2.05003,2.20435561,2.29675011,2.53932988,,26.90519089,,,,,63.61718743,59.73852901,-20.65136868,264698799.54978597,52350297.0098296,-7.07295705,-32.69551322,-25.08301999,41.88692728,-589477506.0573151,,90249898.3766873,-59.0192671,-56.04000579,,21.69048258,20.11950908,17.06019199,13.57165609,0.93838824,1.17654414,,2.06961002,2.00117628,5.02933689,2023-06-02,41.00245568,36.04906506,10.39664954,10.83663765,9.76575909,12.28411846,12.21184771,-16.29678405,153027.08286697,-7.21201644,-13.293157,-12.91728362,301910294.299636,2.024,2.057,2.31133333,2.7334,3.40764607,845601693.867,-0.74049398,3.8592685,-78.007019,804399688.58458,10211078.5305266,405.04699125,42.93256588,166303925.658474,169522326.593274,416080638.315292,304074698,2023-09-07,4.76860459,7.52655071,7.80655569,2.04836667,2.24891762,-35.71428571,2.98507463,60.46511628,2.2485,2.506,2.419164,18.97072196,0,2.43100315,2.0939228,0.2301,-17.52988048,1.97044335
YSG,Yatsen Holding Limited,1.2,12.14953271,0.13,Buy,2212185,2654622,670875106,,-0.1184,1837,Retail Trade,Specialty Stores,1.2299,0.91,-0.13626218,1.31,0.82,-6.25,-93.14677327,1.75,0.82,-25.92592593,1.87,0.82,25.47,0.3879,981504.9,1180444.76666667,1280568.06666667,1425026.4,371968295.52484,365993000.429284,217636693.182965,199413112.917189,18.81188119,16.50485437,China,0.02381788,6.45213635,,0,0,,52.82004923,,,-84434200,64.58563627,,578397000,42.72871497,-0.2166,0.0029114,,,-0.1191,68.1124498,0.0041358,1.08788732,1.0251791,1.01765056,1.11154326,,6.81032605,,,,,67.96192894,68.98658505,-38.12478256,374050934.95175904,83122915.35616921,-17.22319361,-14.12843875,-34.28891262,66.73810062,-349690985.687985,49.31383463,-121087858.14663403,,,70.18437135,-22.00065189,-13.46795193,-25.06388079,-17.74833923,0.98819112,0.98018395,,1.36318414,1.21892395,5.72498727,2023-05-16,85.25664759,71.94752913,3.42338973,3.22744422,-7.43700467,-9.11783083,-8.9385274,-39.21859793,299609.71502608,-20.82685958,-20.2869755,-36.54287321,361546931.211488,1.06292,1.03027,1.00772333,1.158548,-26.08769412,838894038.723189,-0.52734308,-20.31043269,-71.62052569,494260206.494608,16302014.7412995,-14.5239466,-71.07284856,115098465.12364,104433595.028994,550383046.5029039,392419346,2023-08-24,14.80555556,5.59276739,8.86721509,1.16996667,1.02173188,-19.46308725,25,-39.08629442,1.013795,0.96789,1.232724,-14.46101342,0,1.03536241,1.05094614,-0.2166,17.64705882,10.09174312
RERE,ATRenew Inc.,3,0,0,Buy,335217,1005651,669646389,,-1.3656,,Retail Trade,Internet Retail,3.2,2.7551,-0.21128042,3.3,1.9027,19.04761905,-83.58862144,3.3288,1.9027,-5.36277603,3.55,1.52,18.49,1.52,288696.9,213892.36666667,231168.18333333,215096.04444444,357589654.32916105,321593020.802256,245066098.93983,227836608.773472,2.73972603,2.04081633,China,0.08955949,3.7408066,,0,0,,70.57197612,,,-20857470,77.95905001,,477789000,-65.3553719,-1.5006,-0.0451267,97.60425909,71.49712092,-1.3656,-125.2721874,0.0565226,2.97364467,2.94967107,2.92564374,2.81178822,,8.84492334,,,,,8.07155514,16.24304086,-22.3683801,118302619.550291,79025736.0560459,129.1909954,4.70869929,45.0797821,69.25199636,-271727991.734393,-78.37048956,-366504579.352012,97.58263288,71.24685551,-139.95830777,-25.00588687,-21.71548166,-5.81461492,-4.69973997,0.76686528,0.76559713,,0.48085253,0.49990317,3.16602742,2023-05-23,57.00840711,54.52209031,2.30826034,1.91042825,-35.21314302,-43.54062175,-43.28462927,21.49508269,,0.19297482,20.76662961,16.05075131,,2.962,2.971,2.939,2.77465,-38.30643411,722402991.916289,-0.53134131,-38.18068617,7.41517526,552529522.617631,49865029.0678634,69.98152451,66.58268117,167884546.22610497,165621921.316674,1465673188.40256,135423430.234302,2023-08-15,4.36241611,5.73438254,6.552332,3.03,2.96225997,1.35135135,-1.63934426,12.78195489,2.947,2.8456,2.5942,-22.69358197,0,2.88027562,2.9658139,-1.5006,0,0
LANV,Lanvin Group Holdings Limited,4.8,1.69491525,0.08,Sell,99095,475656,628661158,,-1.6711,3487,Consumer Non-Durables,Apparel/Footwear,6,4.27,0.03197807,6.25,4.27,-7.51445087,-52.70935961,8.995,4.27,-14.89361702,22.81,4.19,22.81,4.19,163699.9,181781.1,232907.16666667,192697.17777778,98077073.25,91897000,98077073.25,91897000,-0.41493776,7.38255034,China,0.58994988,1.20450131,,0,0,,-9.37409295,,,,,,,-57.36153632,-2.2616,,-2470.57387057,-3114.7515528,-1.6711,-530.14157014,,4.66474224,4.93595533,5.03180227,5.61875909,-27.72760292,-28.7375222,,,,,56.34317756,56.34317756,24.52538787,250073032.791506,237944000,,,,47.18451358,82327000,-196.99101001,-229417183.572849,-5876.96735862,-7448.48294205,-1248.28544336,-51.68927239,-56.77106026,-33.13356002,20.08136165,1.57880715,1.57880715,,,1.09706792,0.73574756,,48.81945992,44.9279587,,,-41.79217595,-71.30914987,-60.1990113,21.59251098,127283.9304836,,,,27333531.33793,4.558,4.664,5.12,5.4041,-2.59710726,732228000,75.70411445,76.38916756,-20.95136678,280326000,174224000,39846.71447995,2488814.28571429,460435129.5,431422000,443839065.596302,130971070,,7.62428556,7.82522074,6.56627426,4.80883333,5.30180669,-48.38709677,3.8961039,-51.26903553,5.114,5.1624,6.984935,-56.8016064,0,5.16751589,4.7558373,-2.2616,-8.74524715,3.22580645
DDL,Dingdong (Cayman) Limited,2.96,6.09318996,0.17,Neutral,354277,1048659.92,603544489,,-0.2654,3363,Retail Trade,Internet Retail,3.37,2.64,-0.04074995,4.115,2.25,-16.61971831,-89.42857143,6.62,2.25,-50.41876047,6.9,2.25,46,2.25,540477.3,543588.73333333,521994.95,645945.87777778,934407986.535678,830617955.863406,267409410.64775804,259877762.174667,-4.20711974,-0.67114094,China,17.75820507,0.90868818,,0,0,,91.99804284,,,,,,765960000,88.38402726,-0.5591,-0.0247469,-219.86970684,89.44651563,-0.2658,93.33767796,,2.87943373,2.96020501,3.00642731,3.49956671,,3.31351002,,,,,30.11576248,26.31520404,82.32307582,1083266834.67468,49558725.48226,-82.70061456,292.29964847,72.49489227,35.93834775,-85129186.4636148,88.38871771,-120939648.702798,-218.45137761,89.44802453,93.56884904,-3.36222768,-1.6523869,-2.95304124,-1.32081406,11.93837219,12.68915849,,0.18444853,0.17801443,0.83217495,2023-05-12,51.57295095,49.11504666,4.08372687,4.11847153,-4.46200962,-135.83859085,-33.80556051,15.29376149,1069583.55365569,-16.17274211,-14.81613863,2.37903288,143140244.10211802,2.838,2.939,2.899,3.5738,-8.69085128,1212165283.00238,-10.18233929,-10.83321671,-4.63086431,952304837.852971,745488769.399791,-7.61318658,-8.04494128,1280872304.61615,1154243471.55423,3597009490.94408,179961659.333333,2023-08-28,7.6939218,6.11800295,9.14781626,2.94313333,2.99450568,-32.34285714,2.06896552,-48.43205575,3.044,3.1088,3.9833,-1.5465248,0,3.14509391,2.91663176,-0.5591,3.85964912,2.06896552
DAO,"Youdao, Inc.",4.78,2.79569892,0.13,Sell,128519,614320.82,570719329,,-1.002,5068,Technology Services,Internet Software/Services,5.6426,4.44,0.9561794,6.71,3.89,-25.89147287,-64.59259259,10,3.89,-36.26666667,10,3.03,47.7,3.03,114749.2,166492.66666667,165849.93333333,217525.97777778,146282060.503188,87463783.4062144,112847792.626265,84298260.29380661,-0.82987552,2.35546039,China,,0.38328756,,0,,,18.63757856,,,,,,1173630000,31.15839243,-0.8736,-0.1120889,-1857.55395683,-88.35774865,-1.0021,-2.57958849,-0.26644409,4.74233482,4.84969466,4.94860272,5.69948542,54.36431036,-13.40027186,,,,,51.59230205,51.09445827,24.55489804,384099475.84128505,87963734.2338974,-19.19594352,-12.98942339,-6.87049046,35.54563167,126186980.216389,30.06308211,-107968946.263803,-1828.29429293,-86.76969127,-3.25318462,-14.38062692,-17.08366714,-15.45286008,-17.40629471,,,,0.8077209,0.79355885,0.31680183,2023-05-25,47.92417882,45.78255579,16.03354915,15.82797713,-41.48485682,,,19.56495004,146900.13730514,-16.78671541,-10.09125967,-5.77218615,31797453.317068,4.71,4.814,4.84833333,6.3482,-20.77687792,241320605.077233,-26.29729903,-31.94976033,8.27474102,183996158.239774,213650763.622603,0.38484974,5.9808731,539929801.343562,487574961.618774,744489895.8624461,34446977,2023-08-17,3.84615385,5.72321424,6.35368072,4.76333333,4.96012882,-13.56238698,-2.64765784,9.63302752,4.9035,5.0984,5.83935,-17.15912892,0,5.22466753,4.78407203,-0.8736,-3.2388664,0.84388186
QD,Qudian Inc.,2.08,-2.80373832,-0.06,Buy,913759,1900618.72,483072340,15.79347001,0.1343,215,Technology Services,Internet Software/Services,2.155,1.65,0.56775284,2.155,1.11,82.45614035,-74.25742574,2.155,0.9858,82.45614035,2.18,0.6901,35.45,0.63,768070.3,822415.2,561549.6,522868.46666667,1287606402.17502,1436335048.0583699,513938747.50061697,736015483.457868,4,1.96078431,China,0.01253753,,,0,0,,-105.33906347,,,,,,-1138420000,-162.02100483,-0.2185,0.2634817,-9.18788713,,0.1317,,,2.06320211,1.94203618,1.85125383,1.49831991,-102.80264431,-2.07494152,,,,,27.21928055,16.24648246,-88.02315298,24849607.8324379,4705771.12424825,-66.93347089,-84.0200026,-94.29771138,74.95159027,-1413716248.17188,-158.85148906,-53754009.37732,-12.07818543,,,-58.88002224,39.4446049,-21.30866393,1.34399424,0.2026222,0.19456418,,7.35134289,5.60530125,,2023-06-12,61.81862629,65.00643999,,,1.26673843,1.3640052,1.33003635,-66.08978459,424623.90256319,-67.29601338,-76.70449578,-70.78677034,,2.054,2.026,1.845,1.4043,-17.06844225,1896726791.18431,3.4444159,-11.60457261,-86.50518809,,22618799.8864932,3.41352397,-77.75411012,101230372.28304,92639827.7028739,91294139.0510862,168755154,2023-08-24,4.10628019,5.76646315,5.54250235,2.10166667,1.96723092,121.27659574,2.46305419,90.82568807,1.971,1.6194,1.18773,54.76616972,0,1.7071782,2.02888664,-0.2185,14.28571429,-1.42180095
CAN,Canaan Inc.,2.84,-2.73972603,-0.08,Buy,5545163,15748262.92,478295441,,-0.2864,541,Electronic Technology,Semiconductors,3.075,1.97,1.1334642,3.19,1.83,-1.38888889,-77.46031746,3.98,1.83,2.15827338,4.54,1.83,39.1,1.76,3393802.6,3206914.2,2615182.5,2419627.62222222,101739286.79316,71972000,101739286.79316,71972000,33.33333333,14.51612903,Singapore,0.00557174,6.27516358,,0,0,,-68.16776658,,,,,,381543000,-76.72628606,0.4203,-0.0346097,-37.65314457,-225.14851485,-0.287,-113.70059194,-0.07294517,2.67788224,2.36458138,2.33518462,2.49530161,-218.16097205,-40.44730784,,,,,34.93435691,18.84260698,-48.43676637,227176712.667983,-47546000,-46.53333122,-136.3769836,-82.58145879,79.40384927,-68918000,-76.71234355,72227154.7855178,-36.96829685,-221.28844145,-112.25737433,11.10681273,-8.9408298,8.57275571,-15.84078914,0.77559392,0.87261375,,0.94206122,0.75055194,2.5341439,2023-05-26,76.84594303,67.60227607,12.34543232,16.58337222,-5.55476106,-7.66018306,-7.64198822,-15.89655241,1202025.8096255,0.28649857,-74.14301527,-45.71414258,,2.636,2.402,2.18766667,2.5302,-22.28941667,633700000,-7.72399869,-35.69131894,-22.91840218,520756999.99999994,3054000,-18.8343778,-30.90374019,77435878.9936283,85577000,650295963.007394,147638935.2,2023-09-04,9.82142857,7.96771649,12.09187062,2.905,2.34633335,34.5971564,27.35426009,-25.26315789,2.271,2.3308,2.693825,-8.61732629,0,2.36398278,2.50252091,0.4232,42,-5.33333333
TIGR,UP Fintech Holding Limited,3.05,3.7414966,0.11,Buy,879882,2683640.1,469412384,42.06896552,0.0756,1040,Finance,Investment Banks/Brokers,3.27,2.74,1.2235864,3.385,2.31,-10.55718475,-71.88940092,4.52,2.31,-21.18863049,5.79,2.31,38.5,2.03,518523.7,936615.03333333,1039874.91666667,1002938.48888889,441141564,2133701044,277660847,1851201994,7.3943662,5.90277778,Singapore,0.35029974,,,0,,,-76.47255124,85.79445578,,29064600,,,-1434840000,-115.0583245,-0.0142,0.066,520,,0.0725,,0.04,2.94381819,2.91488303,2.9200179,3.15195028,0.57742013,183.21885732,,,,,83.57087785,80.60931174,-11.83691739,188339966,53053094,4.79960521,25.06008132,4.20116314,77.83722351,-1973307247,-114.88316317,-2186441,540.80669821,,,-0.97017536,4.87553423,0.76352798,8.22610044,1.00544589,,,2.04533664,2.07077559,,2023-05-30,66.5958566,57.20580818,,,0.31146723,2.59050751,1.92621176,-14.79182082,216697.64134615,3.87024334,26.02567082,1.36661972,,2.906,2.895,2.9765,3.09605,14.32947127,3844174419,1.23280453,5.60546944,8.93531707,,160393797,-5.42060711,2.15730823,3345731754,3374654325,225365547,147398250.8,2023-08-24,5.42372881,3.69695713,4.50893067,3.03333333,2.95908442,-13.59773371,4.81099656,-31.61434978,2.923,2.8729,3.624575,8.66759959,0,2.96010394,2.91672588,-0.0142,-4.6875,3.38983051
THCH,TH International Limited,2.9,0.34602076,0.01,Neutral,228117,661539.3,465009547.1972318,,,,Consumer Services,Restaurants,3.27,2.39,1.222951,5.25,2.26,-43.24853229,-70.28688525,6.72,2.26,-11.85410334,10.5451,2.26,10.78,2.26,312389.4,448435.73333333,419221.4,373642.64444444,,,,,1.04529617,6.22710623,China,,,,,,,,,,,,,,,,,,,,,,2.82661403,2.83554899,2.92522733,3.54960473,,,,,,,,,,,,,,,59.63239095,,,,,,,,,,,,,,,,,,57.90508895,50.16870759,,,,,,,,,,,32461009.468,2.76,2.791,2.83183333,3.7848,,,,,,,,,,,,,160348000,,3.81944444,6.87727813,9.51886177,2.92333333,2.80623996,-3.01003344,2.11267606,-70.58823529,2.81,3.1383,3.855347,,,3.12967836,2.79974299,,1.3986014,-0.68493151
LX,LexinFintech Holdings Ltd.,2.54,1.6,0.04,Buy,357748,908679.92,460972724,3.01019199,0.9284,3872,Finance,Finance/Rental/Leasing,2.55,2.21,1.0961851,2.685,1.802,-2.68199234,-78.56540084,3.86,1.802,-18.58974359,3.86,1.26,20,1.26,273657.5,445818.53333333,382511.86666667,464878.11111111,588851647.798387,924080560.547734,397264266.29458,712901765.900006,10.91703057,6.72268908,China,1.11174879,,,0,0,,-51.2018984,,,,,,1041319999.9999998,-63.13006301,0.6554,0.1339244,8.34392207,286.40483384,0.8438,-35.25168815,,2.4589936,2.39561099,2.39477571,2.43609384,-101.8799632,-0.50511492,,,,,58.65603686,62.78756927,-28.0594385,861775840.20983,292366986.149826,10.21408392,96.60048352,-1.8011407,68.56895821,534193266.73311293,-66.35985937,121738464.933655,13.00636562,289.09079047,-41.12380691,8.28602469,9.55879096,16.19572983,17.44032716,0.25036643,0.35705952,,0.29250045,0.33950475,,2023-05-23,67.33828258,58.36558884,,,4.48949652,11.98851066,8.8554587,-17.53229027,379442.74169441,3.47641243,60.23764918,1.77977941,137095894.25307998,2.426,2.393,2.3675,2.48325,-0.71297024,3579451821.56185,9.27758896,7.15860453,10.60249628,,1458273827.28085,9.53440062,17.22059405,2031438640.908,2267758172.83553,1469202295.84077,137156243,2023-08-23,3.65853659,4.94731474,4.99250515,2.51666667,2.40703432,30.92783505,9.95670996,19.24882629,2.382,2.4069,2.310075,11.88767582,0,2.41163947,2.41719486,0.6995,4.52674897,3.25203252
NEGG,"Newegg Commerce, Inc.",1.13,-0.87719298,-0.01,Strong Sell,239407,270529.91,426867391.4649122,,,1355,Retail Trade,Internet Retail,1.25,1.0726,1.671793,1.25,1,-2.5862069,-92.01977401,2.26,1,-22.06896552,4.75,1,107.72,1,177760.6,249310.1,314592.46666667,359037.37777778,123506000,123506000,123506000,123506000,-3.41880342,-5.04201681,United States,0.56822623,1.26166034,,0,0,,-179.71368112,64.32053032,,,,,466751000,-283.43265793,-0.1539,-0.03,-251.54185022,,,,-0.03,1.15134559,1.153301,1.15091886,1.29351536,,0.65629118,,,,,11.95188206,,-34.70286716,205605000.000256,56625000,30.97027871,,,32.52674589,-26674000,-258.37240086,-57429000.0000715,-254.28840716,,,-3.33836548,,-2.78665072,,2.49762394,2.49762394,,,0.24505745,0.75800599,2023-05-31,40.08986342,46.75266405,,,-9.5790435,-31.22142426,-21.66012288,-27.60479332,1269574.16974328,37.63826119,,,19838391.644,1.162,1.163,1.14966667,1.21115,-13.16466465,557284000,10.74669221,,-9.69522886,390822000,96832000,-3.3834549,,386873000,386873000,1720273000.00214,377759000,2023-08-29,4.4954955,4.23832674,3.9734585,1.1333,1.16760796,-14.39393939,-4.23728814,-68.61111111,1.16,1.1277,1.52365,,0,1.16332883,1.15573027,-0.1539,-3.41880342,0
VNET,"VNET Group, Inc.",2.94,6.52173913,0.18,Neutral,1474602,4335329.88,409728460,,-0.785,3293,Technology Services,Data Processing Services,3.505,2.68,-0.33346248,3.505,2.53,-14.28571429,-69.81519507,6.83,2.53,-51.32450331,6.83,2.53,44.45,2.53,653661.4,915983.16666667,1070375.61666667,1657436.71111111,429965907.619724,471773976.44011,429965907.619724,471773976.44011,1.37931034,8.48708487,China,2.34914892,0.74670059,,0,,,13.42324112,27.4289697,17.36898716,257578940,15.92348209,8.95089498,2466520000,-252.74294671,-0.7796,0.0611394,,-32.82275711,-0.8048,-216.45203299,0.00165956,2.83842076,2.90594536,2.93304674,3.41079687,93.90987802,-1.78553264,3.90997068,-151.08879706,72.73699017,,18.15235508,18.78457625,-11.05118885,190460421.820509,51502302.3499891,11.61237054,-8.03038389,-13.6034931,45.75245301,1827638699.9134,-248.60779173,-115233882.128009,,-15.8168329,-210.81286874,-10.98268252,-11.01638324,0.86540683,1.23443601,0.44317488,,12.56859444,0.49142836,0.41415092,,2023-05-24,56.24311292,50.71966541,3.7909017,4.34507827,-2.83332418,-10.87236071,-4.24836957,9.32301035,318625.13526757,-0.13272567,1.82853822,4.82657013,129526159.57544401,2.784,2.8555,2.9565,3.20735,6.97717194,4171817923.8487105,7.61759986,3.71170494,19.4020292,1173517320.66327,2299412676.35351,8.26612951,9.23057412,2871797833.6234603,3100099682.0361,1049232570.4361103,143322053.83333302,2023-08-22,6.49819495,4.97423843,5.33317216,2.88333333,3.07216089,-48.42105263,-0.33898305,-44.94382022,2.98825,2.9278,4.348575,-8.71730933,0,3.02352549,2.86054422,-0.7796,-2.64900662,5
SOHU,Sohu.com Limited,11.76,3.24846356,0.37,Buy,34939,410882.64,384268269,,-1.1108,4900,Technology Services,Internet Software/Services,12.0784,10.83,0.50375414,14.42,10.83,-17.76223776,-65.41176471,17.25,10.83,-23.58674464,18.3,10.83,109.3699,0.52,36073.9,58338.2,46036.43333333,41678.67777778,1175086000,1155863000,701462000,529163000,6.71506352,5.28200537,China,0,3.25240526,,0,0,,-74.41177534,,,,,,-652436000,-102.1132098,-0.4963,-0.37,-152.76309467,-826.51933702,-1.1108,-104.99233711,,11.38099396,11.34563789,11.52445207,12.81094871,,1.14475004,,,,,73.89558397,73.95403612,-14.04426974,542299000,121350000,-2.61147315,-15.90961063,-13.44290055,48.4588261,-1155863000,-101.86941173,-17343000,-152.79109106,-772.65566392,-104.3057439,-2.36321865,-5.40294227,0.555819,-4.55623164,0.35761322,0.35955518,,0.57089622,0.5599794,3.25240526,2023-05-15,73.12799994,56.9863352,35.53371705,38.44530486,-1.82563462,-3.23494167,-3.23494167,-12.17172346,149769.79591837,0.86845387,-16.35059819,-12.96986867,33583594.959848,11.288,11.165,11.37833333,13.11145,-11.93386722,1968859000,-0.45085996,-10.00419157,0.11073584,1314684000,0,-100,,867066000,864133000,733872000,33737336,2023-08-07,4.95652174,3.12068633,3.43998193,11.74,11.45299524,-15.6384505,6.8119891,-24.03100775,11.2755,11.9786,14.145175,2.32026623,0,11.9476974,11.28004758,-0.4963,2.26086957,2.17202433
API,"Agora, Inc.",3.08,4.05405405,0.12,Sell,234742,723005.36,356107666,,-0.9995,1001,Technology Services,Packaged Software,3.5,2.9399,1.1017345,3.76,2.38,-12.5,-93.15555556,4.85,2.38,-30.94170404,5.57,2.38,114.965,2.38,262625,398970.43333333,416311.23333333,471906.65555556,427842000,260771000.00000003,45803000,209746000,-1.59744409,1.65016502,China,0.00735134,5.71348577,,0,,,-25.44389229,-2.90565256,44.76550345,-82676000,3.69490262,,128127999.99999999,-64.29550647,-1.0786,-0.16,50.34461153,33.68200837,-0.9995,-31.80799156,-0.11,3.03436725,3.10400187,3.1216246,3.32698279,-92.80550043,-33.8594635,-30.93838312,-74.16356877,34.19523718,-32.80441905,61.88025145,61.941739,-4.40739566,99423000,22846000,-6.33430364,-5.10093877,-6.22105072,51.37446343,-255607000,-66.37412757,-120380000,52.07507345,37.64103325,-30.29264372,-74.92375677,-69.53850424,-66.91915105,-59.89036637,0.40843823,0.42344104,,2.05952879,2.13947049,5.71348577,2023-05-30,49.62562673,48.11579214,71.26532645,65.91832358,-13.15746757,-14.30228394,-14.25244112,-4.35284733,160509.49050949,-9.16047659,-5.55138007,-4.69755083,94661741.312464,3.006,3.07,3.1185,3.28125,-15.2681643,759310000,-5.17100342,-17.13864172,-69.33459306,306100000,5164000,127.28873239,-17.61327377,72455000,56853000,160670000,96574397.25,2023-08-21,5.01650165,4.96516081,4.19503364,3.074,3.21638557,-24.50980392,-1.59744409,-48.75207987,3.19,3.1097,3.453975,-69.34674001,0,3.16591363,3.06721759,-1.0786,2.3255814,0.65359477
DOYU,DouYu International Holdings Limited,1.09,2.83018868,0.03,Buy,349235,380666.15,348556549,103.80952381,0.0105,1973,Commercial Services,Miscellaneous Commercial Services,1.2,0.952,1.3470968,1.2,0.95,-5.2173913,-90.10889292,2.12,0.95,-35.50295858,2.12,0.9,20.54,0.9,401991.2,747053.9,638550.25,664313.65555556,943482817.0088,916356003.114146,582254628.2204419,561586181.304884,3.80952381,1.86915888,China,0.00535013,4.5190361,,0,0,,65.05530149,,,,,,-530215000.00000006,87.37373737,-0.035,0.0072785,-66.83417085,,0.0105,,-0.00515707,1.06597268,1.05171565,1.05232693,1.13370672,93.30692184,-0.58311363,,,,,13.92904969,13.63376083,-12.99292277,147037735.614997,25791490.114346,-1.35194464,-32.83051178,-19.05719585,51.71502058,-911294920.581786,87.58557934,-11200714.5716263,-66.68359426,,,-1.06105626,0.34067319,-4.51720298,-3.19926723,0.36933753,0.36846607,,0.35165681,0.33012524,4.5190361,2023-05-18,63.53323441,56.40365542,5.38939606,4.99718643,0.28184418,0.35609187,0.35496482,-25.71935244,535032.58560029,-8.24109463,-23.36337325,-27.64119969,316278613.22565,1.058,1.053,1.04468,1.123637,-8.44920763,1173484141.82497,0.15153769,-4.29125824,-30.08198597,1016818469.55331,5061082.53236024,-25.2230046,-43.57112265,227973914.582047,227510495.718036,1055619291.3893698,319776650,2023-08-14,5.55555556,5.10900282,6.57501676,1.09666667,1.07749766,-23.23943662,0.92592593,-14.17322835,1.0575,1.045474,1.2270955,-0.68286844,0,1.0688961,1.05710007,-0.035,5.82524272,0.92592593
NIU,Niu Technologies,4.4,2.56410256,0.11,Buy,278855,1226962,339375458,,-0.1469,641,Consumer Durables,Motor Vehicles,4.815,3.865,0.71490103,4.815,3.28,16.09498681,-49.42528736,5.99,3.23,-14.5631068,7.94,2.57,53.38,2.57,254620.7,396686.26666667,423848.23333333,471444.52222222,156741982.680497,125085194.379969,103662006.415698,64304961.5460168,10.55276382,4.51306413,China,0.20996162,1.89511453,,0,,,-85.41391502,,,,,,235790000,-121.70027498,-0.0947,-0.0567723,-68.70342772,-87.72802653,-0.1475,-138.09400826,,4.29387758,4.1907292,4.14187673,4.1408349,-608.66618104,-8.11733685,,,,,17.3805009,21.58456288,-28.45090603,81785191.9169674,13208687.2408811,-31.65506237,-23.5463819,-22.8579014,63.4775215,-86647364.8289751,-120.97869563,-7345564.32626255,-69.00946002,-89.29848987,-136.68808531,-1.56103549,-2.59828669,-3.33481897,-4.5675166,1.60769942,,,0.77804485,0.72550001,1.41858442,2023-05-22,62.31825209,57.58371143,5.4313125,5.62584596,-3.39124325,-6.03087104,-5.98441753,-18.07906354,734098.53812724,-29.12237899,-32.72533844,-24.16066617,68845310.44809,4.262,4.216,4.13233333,3.9582,-4.73360286,318698572.000259,-12.66216986,-10.53313191,30.69418556,248942369.667554,38437829.5509939,-45.70536733,-30.69710025,176446045.859288,135627829.332711,470557162.939563,68859771,2023-08-23,3.24825986,5.30175392,4.91089132,4.38,4.27027627,-19.26605505,5.51558753,-36.32416787,4.227,3.982,4.12925,-3.32480578,0,4.08386211,4.24432117,-0.0947,1.85185185,-0.6772009
BTBT,"Bit Digital, Inc.",3.88,-5.59610706,-0.23,Neutral,7051138,27358415.44,320237630.49148417,,-1.1867,18,Commercial Services,Miscellaneous Commercial Services,4.795,2.965,2.600815,4.795,1.61,126.9005848,-43.76811594,4.795,0.9707,276.69902913,4.795,0.5301,33,0.28,6748368.4,6564478.1,4791972.41666667,3983825.27777778,61598388,56335453,34011060,29227239,-4.43349754,-4.19753086,United States,0,27.94327544,,0,0,,-142.74525589,67.09637824,-6376.67682927,-13284220,-336.58454824,,79759100,-7259.34065934,-1.3394,0.01,96.39283834,81.25854993,-1.1867,-75.23626698,-0.086667,4.04797127,3.90926812,3.67658053,2.63324543,56.64746575,-86.16803636,,0.09089694,,,-49.25525736,-53.02320303,-130.46016617,-15907770,-547343,92.83645657,-208.19899302,-168.12801655,54.40286921,-56335453,-10325.90172602,-105296603,96.39239963,77.79615078,-136.91512828,-326.03006453,-304.41912858,-120.82512542,-128.04979204,3.95684187,4.10091636,,10.00649838,9.44443258,27.94327544,2023-06-12,42.87583378,52.60973833,,,-74.41194181,-78.26771794,-78.26771794,-66.38522722,1794255.16666667,6.27647188,-3.60108597,-47.30110168,82123977.997,4.038,4.212,3.669,2.29895,-42.17899392,92162541,-8.22353231,-45.64666854,,58698818,0,,,10487358,5182696,32296593,82535500,2023-08-30,10.73298429,10.49425372,11.1158025,3.97666667,4.03728322,525.80645161,-11.00917431,150.32258065,3.99,3.1172,1.673735,-301.87836661,0,3.26923075,4.08439663,-1.3394,37.1024735,-8.05687204
GRCL,Gracell Biotechnologies Inc.,4.8,6.66666667,0.3,Buy,759672,3646425.6,304648937,,-1.2964,314,Health Technology,Biotechnology,6.99,2.98,0.44457498,6.99,1.4,155.94539832,-81.53846154,6.99,1.4,116.21621622,6.99,1.4,33.6999,1.4,413320.8,528155.96666667,337378.23333333,248498.15555556,209762216.43627,185868434.26442495,209250255.33323,185348632.464327,25.98425197,5.26315789,China,0.15085784,6.2609158,,0,,,-29.44621709,,,,,,-33352100,-24.64242311,-1.3333,-0.07,-20.71507556,11.34271792,-1.2964,-9.35470266,-0.071833,4.53460542,4.22269494,4.01116823,3.11241136,-41.75477624,,,,,,,,,-8727130.43736543,0,,,,76.42994156,-159293494.47383,-28.79901779,-90219009.0336834,-20.74836251,11.22156496,-9.72200485,,,,,1.64200804,,,,,,2023-05-15,63.93651435,59.99239627,,,-33.80166585,-39.90244214,-38.40923501,-100,0,,,-100,56740526.036056,4.538,4.1515,4.1895,2.6609,-26.29221612,214441234.893076,-9.9950049,-29.64031918,8.1027276,192785203.402284,26574939.7905947,0.96295692,-1.35848382,40351424.8313367,38282413.0328802,0,67699763.8,2023-08-15,13.01369863,17.38521743,13.48620738,4.71,4.98068991,108.69565217,24.67532468,8.59728507,4.52125,3.3976,2.7139,,0,3.61808195,4.38535973,-1.3333,14.01425178,6.66666667
KNDI,"Kandi Technologies Group, Inc.",3.9,0.51546392,0.02,Neutral,98980,386022,289341672.44845366,,-0.1416,971,Consumer Durables,Motor Vehicles,4.2699,3.75,0.9718531,4.2699,2.71,42.85714286,-8.23529412,4.2699,2.22,35.88850174,4.2699,2,22.49,0.15,126393.7,212446.5,225536.8,209489.25555556,232231462,238568195,151040271,138083246,-1.51515152,0.51546392,China,0.06071715,4.39739562,,0,0,,67.70517566,,,-8899560,53.31189771,,-8208240,-153.43104597,-0.1604,0.01,99.66832504,98.11320755,-0.1416,-138.43648208,,3.89386546,3.90993784,3.84391017,3.3364997,,44.30061903,44.81932798,-52.43383461,26.03225354,346.87159315,16.56669288,21.72998573,20.12488782,19517726.0000247,8029230.00001172,-0.16540809,236.35030369,76.18071108,44.07966887,-214310037,-153.02558656,-12123663.0000151,99.67472516,98.19870104,-138.10683887,-10.29059438,-9.10034157,-20.65921068,-18.02716138,0.72877581,0.72420978,5.57540666,2.4988598,2.50167227,3.74846302,2023-05-10,45.20196509,52.22551236,5.11794581,4.9817024,-2.1318442,-2.50685981,-2.50028487,28.77659368,121331.6673534,-40.474516,-8.15259758,15.32242409,59549728.5026,3.884,3.92,3.9495,3.11955,-7.14741167,479476509,-0.72585831,-5.80597806,117.38800868,327656152,24258158,-1.75952096,70.7263925,85289305,78602201,117813049.000147,74190200,2023-08-07,2.16981862,3.01728139,2.31358704,3.91196667,4.00216725,70.30567686,0.51546392,53.54330709,3.98925,3.6705,2.8574,-9.90727084,0,3.669719,3.91645368,-0.1604,-3.22580645,0.25706941
SOL,Emeren Group Ltd,4.12,0.48780488,0.02,Buy,491030,2023043.6,248332339,7.93528505,0.5243,197,Industrial Services,Engineering & Construction,4.2,3.615,1.6174675,4.46,3.06,-3.28638498,60.9375,5.6,3.06,-23.27746741,7.5,3.06,147.4,0.8532,379395.7,792922.8,554538.16666667,488646.82222222,107287258,76729000,107287258,66736999.99999999,8.70712401,7.29166667,United States,0.20548782,3.98438144,,0,0,,-75.62807631,,,,,,288671000,-173.24516785,-0.072,0,-104.27672956,86.50793651,0.5192,755.35420099,0.1025,4.00573842,3.85637819,3.83444071,4.04701966,-326.87314452,-123.39945025,,,,,25.02147304,29.70421372,-51.19827337,15335865,1593000,-85.65898452,39.61437336,-7.98839788,57.07133821,-7749000,-168.0820091,-4671701,-104.01157982,88.48664688,67.93095617,-7.62218764,8.14541449,-3.73183969,7.31919581,0.71504936,0.73977512,,2.60564971,4.36425507,3.98438144,2023-05-31,69.89693473,61.44029898,,,1.47639937,2.01147197,1.77001107,-23.06121359,311120.89340102,-68.4434968,266.42003415,50.2872469,60210588.219281,3.956,3.883,3.76666667,4.0284,-5.62583495,481726000,-5.11604367,-7.34256588,21.95125134,173982000,68980000,-2.22378521,25.4934779,119056219,105090000,61290816,60274841.2,2023-09-07,3.20987654,4.71099722,5.20760642,4.11666667,3.84770376,-9.45054945,5.64102564,-14.87603306,3.8555,3.7654,4.40675,9.71192509,0,3.86388279,3.92623778,-0.072,14.12742382,0.98039216
BNR,Burning Rock Biotech Limited,2.205,-3.71179039,-0.085,Sell,24617,54280.485,235053483,,-1.2643,1138,Health Services,Medical/Nursing Services,2.61,2.02,1.9372586,3.25,2,-24.22680412,-90.32894737,3.8,2,-24.48630137,4.24,1.7,39.75,1.7,16719.5,39428.36666667,35473.01666667,53035.51111111,133099529.611463,116874204.180824,133099529.611463,116874204.180824,2.55813953,0.22727273,China,0.03964945,3.17965966,,0,0,,-9.45580198,10.46245176,,-127381610,,,176876000,-17.09971318,-1.3881,-0.2634817,10.91644205,32.89340102,-1.2643,4.6459009,-0.1888682,2.19941801,2.2293774,2.29715582,2.59677614,26.70793926,-93.5835339,,,,,67.47396305,68.54004595,-0.04271201,56438245.3167804,14436078.6869661,1.45050775,4.64712183,-2.40989736,46.58205779,-110841476.458304,-16.75946328,-144234371.508589,10.8891655,34.2375499,5.39881869,-172.43740657,-157.36796956,-174.06620292,-159.29582206,1.12903226,1.48753306,,2.71468065,2.73920325,2.86162026,2023-05-30,51.33585408,45.79619172,74.90048612,69.57742871,-48.60330937,-63.37927195,-62.23301735,6.22043378,73501.30025212,4.21307423,-2.42337459,-0.60937093,85097876.792148,2.193,2.1595,2.25833333,2.7191,-36.12721721,206257121.444733,-9.67764173,-37.92997297,-46.28626488,165703122.157787,6032727.72252008,-17.42431467,-50.61088138,61729648.8628688,54105517.43707979,83644479.6869079,85318596,2023-08-30,9.84002552,7.66120951,9.09807376,2.2697,2.27543172,-22.9020979,7.03883495,-29.09967846,2.1975,2.496,2.62155,-156.95733328,0,2.41970664,2.18796676,-1.3881,1.61290323,-7.74058577
IMAB,I-MAB,2.82,1.80505415,0.05,Sell,226722,639356.04,227895584,,,318,Health Technology,Pharmaceuticals: Major,3.38,2.61,1.7426807,3.76,2.61,-16.32047478,-80.88135593,7.67,2.61,-56.00624025,10.82,2.61,85.4,2.61,355593.9,292158.5,285776.71666667,339154.46666667,510119539.105548,510119539.105548,476253146.71232,476253146.71232,-5.68561873,4.44444444,China,0.02576925,4.78322162,,0,,,10.37056596,,,,,,,5.18563654,-4.5125,-1.012028,,,,,-0.701011,2.79549709,2.94074352,3.00151882,3.52638601,-8.28687477,,,,,,,,-3051.01912658,-45953540.9637798,,,,,34.81624446,-499332825.064378,-2.99781934,-372352763.618824,,,,,,,,0.54081214,0.54081214,,,,,2023-03-31,41.25996045,40.57316723,,,-50.83863162,-65.67075034,-64.67576827,-341.07274389,-103470.23923548,,,,82053762.92163631,2.744,2.856,3.04833333,3.3853,-33.322184,585995511.889185,,,-38.86665428,521667505.789956,10786714.0411699,,,167406965.20275798,167406965.20275798,-32903536.07688111,82272773.0434783,2023-08-29,3.80434783,5.76464204,7.44393563,2.815,2.97265379,-35.17241379,-5.05050505,-72.88461538,2.9855,3.0748,3.920975,,0,3.11970243,2.85009192,-4.5125,-10.47619048,-1.3986014
BZUN,Baozun Inc.,4.48,5.91016548,0.25,Buy,583975,2616208,182135429.7702,,-1.4973,7588,Retail Trade,Internet Retail,4.75,3.82,0.8234979,5.085,3.7383,-12.6705653,-92,8.6199,3.7383,-38.46153846,10.37,3.41,67.41,3.41,295100,373659.4,417564.5,448130.65555556,451853359.609885,422243355.13725907,323046736.769427,232287229.785281,12.28070175,9.00243309,China,0.60446124,2.0207178,,0,0,,0.04092395,-136.00742428,-5.56595275,-3320990,84.06167828,,517907000.00000006,-236.03470165,-1.5881,-0.0684179,69.51147734,29.73889454,-1.4973,-94.98632634,-0.034465,4.2430691,4.16309325,4.20684356,4.80495042,,5.59107971,,,,,73.14546967,73.44872871,-3.83166104,912524803.168512,200906772.038754,-24.80480184,-7.4177034,-9.24194108,56.87898505,-69574568.7114822,-184.63014374,-97017783.1301511,69.43161286,36.66647931,-65.67931563,-7.77667773,-7.32061382,-0.58150394,-0.71882561,0.44838068,0.45544979,,0.21824394,0.21938271,1.61413396,2023-05-25,74.02977386,60.24547055,5.0943078,5.27961288,-5.73587798,-13.41565802,-11.22917459,-14.37138696,164410.64104817,-23.09625023,-11.71697811,-17.09775961,54830487.642,4.178,4.105,4.15933333,4.89185,-24.6664393,1447358135.00002,-0.60133992,-11.76740502,-44.40510574,991001695.322211,352668786.425777,1.58867424,-21.00629053,639574780.269581,631185197.581432,1247547944.27348,54894000,2023-08-24,7.1461503,4.17409413,4.44330973,4.45266667,4.20156772,-20,10.34482759,-53.67114788,4.1675,4.268,5.268925,-6.39274725,0,4.36245625,4.16951139,-1.5881,6.66666667,1.81818182
SY,So-Young International Inc. - American Depository Shares,1.56,-6.02409639,-0.1,Strong Sell,222291,346773.96,174460054,,-0.1002,1573,Technology Services,Internet Software/Services,2.19,1.55,0.3704034,2.98,1.55,-43.06569343,-91.78515008,3.0688,1.55,-4.29447853,3.0688,0.5,22.8,0.5,118391.4,125518.56666667,214691.46666667,278260.02222222,228042493.203104,228042493.203104,102036624.135105,102036624.135105,-15.2173913,-11.36363636,China,0.02852648,3.56261059,,0,0,,-184.18690634,,,,,,-62645200,-642.62295082,-0.0906,-0.02178164,1212.90322581,,-0.1003,-637.5,,1.67314531,1.86568048,1.96018789,2.12459838,-212.48180085,-7.00189572,,,,,68.73359335,68.59385,-39.31645561,128396009.389754,33295837.3879764,-0.47529049,-33.97872939,-39.39866694,25.1377868,-217792194.714964,-650.03874152,-9735192.26578384,1203.76545593,,-710.62491564,-5.21149177,-5.71419192,-8.17291716,-8.69770087,0.4562711,0.4562711,,0.90145887,0.89744737,3.33868671,2023-05-22,20.96005489,27.22208173,18.68923278,18.90267529,-2.174028,-2.87443524,-2.82576121,-28.81642443,118755.50589818,-3.1475556,-35.01634347,-28.79137523,73461334.5236145,1.676,1.766,1.97266667,2.334351,-11.96695292,460013090.32323503,-1.65941203,-11.96695292,-38.30217701,275735000.071928,10250298.4881397,-11.91173028,-38.30217701,84872045.6866675,84872045.6866675,186802410.777841,89496405.4964055,2023-08-31,11.29032258,6.04615937,11.23942154,1.61166667,1.88788365,11.42857143,-15.2173913,65.97510373,1.886,2.2076,1.781344,-7.40395101,0,2.08337473,1.74928083,-0.0906,-24.63768116,-6.58682635
CAAS,"China Automotive Systems, Inc.",5.07,-7.31261426,-0.4,Sell,62865,318725.55,153041499.92687386,5.53916749,0.9192,4093,Producer Manufacturing,Auto Parts: OEM,5.73,4.59,0.77062815,5.73,4.26,3.46938776,24.26470588,9.7,4.26,-25.33136966,9.7,2.72,27.17,1.425,51367.4,49224.5,85859.03333333,97873.3,171812000,142883000,158951000,142883000,3.04878049,-6.62983425,China,0.44352907,1.45112099,,0,0,,4.12199696,75.61369984,219.6094168,37637000,65.70686391,4.8476175,175244000,93.04663502,0.6913,0.23,61.35714286,,0.9153,262.7824019,0.11,5.28906693,5.14048852,5.08648541,5.28720137,45.84714113,5.23594517,5.03069679,-163.68043997,13.23473644,50.23289955,15.74805826,16.86184857,15.69805352,83394000.0001037,21618000.0000319,-13.63509249,46.72186779,34.61268918,51.0900107,269999.99999998,91.68325792,21181000.0000264,57.07047444,,260.43673732,3.99980361,5.24096093,0.8035109,2.58032342,0.49106685,0.47416635,5.68343005,0.28591613,0.29336411,1.16151171,2023-05-12,42.93541279,49.30215749,6.81879555,6.4180292,3.8604408,8.69966919,8.69966919,6.33703687,129379.67261194,10.44825953,4.2867826,6.21964575,10520320.164,5.358,5.219,4.98733333,5.42355,-0.33623434,727073000,1.78077474,0.05862544,0.27205894,528610000,143153000,9.10220258,8.54956854,384793000,387250000,529551000.000659,30185700,2023-08-10,9.32539683,5.97999765,7.84070075,5.20666667,5.1338615,-12.5862069,-1.74418605,82.00093334,5.091,4.9341,5.605775,5.23292952,0,5.10317253,5.24412346,0.6913,8.79828326,-7.98548094
GLG,"TD Holdings, Inc.",0.588,4.62633452,0.026,Sell,62480,36738.24,85376697.07473308,10.08576329,0.0649,58,Distribution Services,Wholesale Distributors,0.71,0.498926,0.01509996,0.9025,0.498926,-22.63157895,-98.00677966,1.3,0.498926,-49.31034483,1.375,0.498926,484.75,0.498926,41962.8,90656.3,96672.68333333,180660.46666667,893057,1981012,893057,1981012,-4.3902439,-2.80991736,China,0.01804901,8.04246399,,0,0,,-2.98821296,33.17342571,-26.75186625,-3236340,-139.03303716,,140412000,,0.0772,,200,-84.71849866,0.0583,-15.50724638,,0.59329847,0.61114808,0.62640664,0.78318869,-24.41762765,2.77031381,2.23406254,456.55754047,-24.60214136,,0.66200466,0.28318825,-65.49051008,1038257.00000103,-75641.00000014,-146.70004692,-113.58158359,-88.07859211,60.56872624,4318330,,4525127.00000563,320.75199058,-46.65500104,72.5319102,2.88527326,2.6397292,-5.00555803,-6.26748719,0.20975953,0.24402188,27.21416744,0.60798152,0.21966406,8.02566459,,43.59904315,43.8401306,,,1.09054838,1.27181188,1.2705357,-22.02456457,2704056.91379647,102.15834266,-28.201261,-34.79900544,68386806.02,0.59612,0.6099563,0.62407067,0.82697889,59.6481762,414375811,14.12236959,48.45215657,2.33300959,199018830,6299342,7.23844917,32.99543335,65123628.99999999,67007474,156835301.000195,145198000,2023-08-17,10.89090909,7.74797791,8.52509205,0.58263333,0.59970123,-47.96460177,-8.11064229,-53.40729002,0.605941,0.64567978,0.99060895,4.42557334,0,0.67024941,0.6008134,0.0854,-15.98799829,-3.59075258
HUDI,"Huadi International Group Co., Ltd.",4.81,-0.82474227,-0.04,Neutral,137143,659657.83,68490461.75051546,,,360,Non-Energy Minerals,Steel,5.5,4.12,-7.048963,14.83,2.6,52.21518987,-46.61487236,14.83,2.6,-10.09345794,192.8799,2.6,192.8799,2.6,228803,240517.7,1517804.36666667,1048991.92222222,14543245,,14543245,,3.21888412,-1.83673469,China,,,,0,,,10.8812611,,,,,,,-30.3494495,0.1455,,,,,,,4.84575699,4.73935941,4.70099673,5.47246815,,12.44053844,,,,,14.58188909,,-1.62818058,11135627.0000105,,,,,69.19427802,,-23.98889975,1924202.00000181,,,,2.51970546,,3.81952485,,1.28950966,,,,0.83322208,,,52.11412062,52.23656045,3.05228568,,,,,8.71150496,212128.18888909,,,,4237187.2224,4.854,4.825,4.59933333,4.26785,-15.57105254,,,,-39.23240613,,,,,35002586,,76366148.00007181,14239200,,7.15789474,8.9978247,9.04428001,4.88333333,4.7439148,-5.31496063,-5.87084149,-77.92565397,4.6625,4.8064,9.876706,,0,4.67157237,4.80693906,0.1455,11.86046512,-1.23203285